OBJECTID;LATITUD;LONGITUD;ID_NOM_DEP;IG_EST;IG_DEP;IG_MUN;MINERAL_PPAL;ENSAMBLE_MINERAL;FORMA_OCURRENCIA;CLASS_DEPOSITO;ROCA_HUESPED;FORMACION_UG;TIPO_ROCA;EDAD
1;5.8581;-75.5051;Cementos El Cairo S.A.;Productor - Cielo abierto;05-Antioquia;Abejorral;Calizas;Calcita-CaCO3;Estratiforme;Rocas;ROCA METAMÓRFICA;Grupo Cajamarca;Esquisto;Triásico
2;5.7961;-75.4187;El Gallinazo;Productor - Cielo abierto;05-Antioquia;Abejorral;Arcilla_Caolinita;Caolinita-Al2Si2O5(OH)4;Estratiforme;Minerales_Industriales;ROCA METAMÓRFICA;Grupo Cajamarca;Esquisto;Triásico
3;5.8059;-75.4171;El Popal;Productor - Subterráneo;05-Antioquia;Abejorral;Oro-Au;Oro-Au;Veta;Sin_Clasificar;ROCA METAMÓRFICA;Grupo Cajamarca;Esquisto;Triásico
4;5.8435;-75.3428;El Rebusque;Productor pasado - Subterráneo;05-Antioquia;Abejorral;Oro-Au;Oro-Au;Veta;Sin_Clasificar;ROCA METAMÓRFICA;Grupo Cajamarca;Esquisto;Triásico
5;5.8268;-75.473;EUROCERAMICA S.A.;Productor - Cielo abierto;05-Antioquia;Abejorral;Arcilla_Caolinita;Arcilla-Al2O3·2SiO2·H2O;Estratiforme;Rocas;ROCA SEDIMENTARIA;Formación Abejorral;Conglomerados;Cretácico
6;5.7381;-75.4333;Finca El Aguacate;Productor - Subterráneo;05-Antioquia;Abejorral;Oro-Au;Pirita-FeS2;Veta;Sin_Clasificar;ROCA SEDIMENTARIA;Formación Abejorral;ROCAS SEDIMENTARIAS SILíCEAS NO CLÁSTICAS;Cretácico
7;5.8601;-75.5081;Mina Argus;Productor - Subterráneo;05-Antioquia;Abejorral;Oro-Au;Pirita-FeS2;Veta;Sin_Clasificar;ROCA METAMÓRFICA;Grupo Cajamarca;Mármol;Triásico
8;5.7096;-75.4414;Mina Purimac;Productor - Subterráneo;05-Antioquia;Abejorral;Oro-Au;Oro-Au;Veta;Orogénico;ROCA METAMÓRFICA;Complejo Cajamarca;Esquisto;Triásico
9;5.825;-75.4756;Pedernales;Productor - Subterráneo;05-Antioquia;Abejorral;Oro-Au;Oro-Au;Veta;Sin_Clasificar;ROCA SEDIMENTARIA;Formación Abejorral;Conglomerados;Cretácico
10;5.7952;-75.3679;Quebradona;Productor pasado - Subterráneo;05-Antioquia;Abejorral;Oro-Au;Oro-Au;Veta;Sin_Clasificar;ROCA METAMÓRFICA;Grupo Cajamarca;Esquisto;Triásico
11;5.8584;-75.2885;SUMICOL;Productor - Cielo abierto;05-Antioquia;Abejorral;Arcilla_Caolinita;Caolinita-Al2Si2O5(OH)4;Estratiforme;Minerales_Industriales;ROCA METAMÓRFICA;Grupo Cajamarca;Esquisto;Triásico
12;6.6005;-76.1298;Abriaquí_1;Productor - Subterráneo;05-Antioquia;Abriaquí;Oro-Au;Oro-Au;Veta;Sin_Clasificar;ROCA SEDIMENTARIA;"Lodolitas; arenitas lodosas y arenitas líticas; cherts; calizas; tobas, y aglomerados  Localmente cataclasitas  del Turoniano-Maastrichtiano";Limolita / siltstone;Cretácico
13;6.6628;-76.1097;Carauta;Productor pasado - Subterráneo;05-Antioquia;Abriaquí;Oro-Au;Oro-Au;Veta;Sin_Clasificar;ROCA SEDIMENTARIA;"Lodolitas; arenitas lodosas y arenitas líticas; cherts; calizas; tobas, y aglomerados  Localmente cataclasitas  del Turoniano-Maastrichtiano";Limolita / siltstone;Cretácico
14;6.6359;-76.1307;ECOCERRO;Productor pasado - Subterráneo;05-Antioquia;Abriaquí;Oro-Au;Oro-Au;Veta;Epitermal;ROCA SEDIMENTARIA;"Lodolitas; arenitas lodosas y arenitas líticas; cherts; calizas; tobas, y aglomerados  Localmente cataclasitas  del Turoniano-Maastrichtiano";Limolita / siltstone;Cretácico
15;6.6764;-76.1568;El Carrancho;Productor - Subterráneo;05-Antioquia;Abriaquí;Oro-Au;Oro-Au;Veta;Sin_Clasificar;ROCA SEDIMENTARIA;"Lodolitas; arenitas lodosas y arenitas líticas; cherts; calizas; tobas, y aglomerados  Localmente cataclasitas  del Turoniano-Maastrichtiano";Limolita / siltstone;Cretácico
16;6.6826;-76.0441;El Volado;Productor - Subterráneo;05-Antioquia;Abriaquí;Oro-Au;Pirita-FeS2;Veta;Epitermal;ROCA ÍGNEA PLUTÓNICA;Stock de Morrogacho;Monzonita;Neógeno
17;6.6933;-76.0563;La Aguja Dura;Productor - Subterráneo;05-Antioquia;Abriaquí;Oro-Au;Pirita-FeS2;Veta;Epitermal;ROCA SEDIMENTARIA;"Lodolitas; arenitas lodosas y arenitas líticas; cherts; calizas; tobas, y aglomerados  Localmente cataclasitas  del Turoniano-Maastrichtiano";Limolita / siltstone;Cretácico
18;6.658;-76.0947;La Engañosa;Productor pasado - Subterráneo;05-Antioquia;Abriaquí;Oro-Au;Pirita-FeS2;Veta;Epitermal;ROCA SEDIMENTARIA;"Lodolitas; arenitas lodosas y arenitas líticas; cherts; calizas; tobas, y aglomerados  Localmente cataclasitas  del Turoniano-Maastrichtiano";Limolita / siltstone;Cretácico
19;6.6764;-76.0441;La Magdalena;Productor - Subterráneo;05-Antioquia;Abriaquí;Oro-Au;Pirita-FeS2;Veta;Epitermal;ROCA ÍGNEA PLUTÓNICA;Stock de Morrogacho;Monzonita;Neógeno
20;6.6958;-76.056;Mina Beto;Productor - Subterráneo;05-Antioquia;Abriaquí;Oro-Au;Oro-Au;Veta;Otros_depósitos_asociados_a_intrusivos;ROCA SEDIMENTARIA;Grupo Cañasgordas, Formación Barroso;Lodolita/Mudstone;Cretácico
21;6.7176;-76.0588;Mina El Porvenir;Productor - Subterráneo;05-Antioquia;Abriaquí;Oro-Au;Pirrotita-Fe1-xS;Veta;Otros_depósitos_asociados_a_intrusivos;ROCA SEDIMENTARIA;"Lodolitas; arenitas lodosas y arenitas líticas; cherts; calizas; tobas, y aglomerados. Localmente cataclasitas.";Arenisca / sandstone;Cretácico
22;6.5694;-76.129;Mina Las Camelias;Productor - Subterráneo;05-Antioquia;Abriaquí;Oro-Au;Pirita-FeS2;Veta;Otros_depósitos_asociados_a_intrusivos;ROCA ÍGNEA PLUTÓNICA;Monzodiorita de La Horqueta;Diorita;Neógeno
23;6.7013;-76.0497;Morro Gacho;Productor - Subterráneo;05-Antioquia;Abriaquí;Oro-Au;Oro-Au;Veta;Epitermal;ROCA SEDIMENTARIA;"Lodolitas; arenitas lodosas y arenitas líticas; cherts; calizas; tobas, y aglomerados  Localmente cataclasitas  del Turoniano-Maastrichtiano";Limolita / siltstone;Cretácico
24;6.7319;-76.0637;Pizarro_El Paraiso;Productor - Subterráneo;05-Antioquia;Abriaquí;Oro-Au;Pirita-FeS2;Veta;Epitermal;ROCA SEDIMENTARIA;"Lodolitas; arenitas lodosas y arenitas líticas; cherts; calizas; tobas, y aglomerados  Localmente cataclasitas  del Turoniano-Maastrichtiano";Limolita / siltstone;Cretácico
25;6.6955;-76.058;San Antonio_1;Productor - Subterráneo;05-Antioquia;Abriaquí;Oro-Au;Pirita-FeS2;Veta;Epitermal;ROCA SEDIMENTARIA;"Lodolitas; arenitas lodosas y arenitas líticas; cherts; calizas; tobas, y aglomerados  Localmente cataclasitas  del Turoniano-Maastrichtiano";Limolita / siltstone;Cretácico
26;6.7073;-76.0626;Santa Teresa_1;Productor - Subterráneo;05-Antioquia;Abriaquí;Oro-Au;Oro-Au;Veta;Sin_Clasificar;ROCA SEDIMENTARIA;"Lodolitas; arenitas lodosas y arenitas líticas; cherts; calizas; tobas, y aglomerados  Localmente cataclasitas  del Turoniano-Maastrichtiano";Limolita / siltstone;Cretácico
27;6.3714;-75.0292;El Desquite;Productor pasado - Subterráneo;05-Antioquia;Alejandría;Oro-Au;Sin información;Veta;Sin_Clasificar;ROCA ÍGNEA PLUTÓNICA;Batolito Antioqueño;Granodioritas;Cretácico
28;6.3867;-75.0464;El Girón;Productor pasado - Subterráneo;05-Antioquia;Alejandría;Oro-Au;Pirita-FeS2;Veta;Epitermal;ROCA ÍGNEA PLUTÓNICA;Batolito Antioqueño;Granodioritas;Cretácico
29;6.3586;-75.0626;Guadualito;Productor pasado - Subterráneo;05-Antioquia;Alejandría;Oro-Au;Oro-Au;Veta;Sin_Clasificar;ROCA ÍGNEA PLUTÓNICA;Batolito Antioqueño;Granodioritas;Cretácico
30;6.388;-75.074;La Emeralda;Productor pasado - Subterráneo;05-Antioquia;Alejandría;Oro-Au;Sin información;Veta;Epitermal;ROCA ÍGNEA PLUTÓNICA;Batolito Antioqueño;Granodioritas;Cretácico
31;6.3517;-75.1101;La Esmeralda;Productor pasado - Subterráneo;05-Antioquia;Alejandría;Oro-Au;Oro-Au;Veta;Sin_Clasificar;ROCA ÍGNEA PLUTÓNICA;Batolito Antioqueño;Granodioritas;Cretácico
32;6.3744;-75.1273;La Fortuna;Productor pasado - Subterráneo;05-Antioquia;Alejandría;Oro-Au;Pirita-FeS2;Veta;Epitermal;ROCA ÍGNEA PLUTÓNICA;Batolito Antioqueño;Granodioritas;Cretácico
33;6.3306;-75.0852;Los Ladrillos;Productor pasado - Subterráneo;05-Antioquia;Alejandría;Oro-Au;Sin información;Veta;Epitermal;ROCA ÍGNEA PLUTÓNICA;Batolito Antioqueño;Granodioritas;Cretácico
34;6.3573;-75.1545;San Pedro_1;Productor - Cielo abierto;05-Antioquia;Alejandría;Oro-Au;Oro-Au;Aluvial;Placer;ROCA ÍGNEA PLUTÓNICA;Batolito Antioqueño;Granodioritas;Cretácico
35;6.0541;-75.7059;EUROCERÁMICAS S.A;Productor - Cielo abierto;05-Antioquia;Amagá;Arcilla_Caolinita;Arcilla-Al2O3·2SiO2·H2O;Estratiforme;Rocas;ROCA SEDIMENTARIA;Formación Amagá;Arenitas;Paleógeno
36;6.061;-75.7015;La Clarita;Productor - Cielo abierto;05-Antioquia;Amagá;Arcilla_Caolinita;Arcilla-Al2O3·2SiO2·H2O;Estratiforme;Rocas;ROCA SEDIMENTARIA;Formación Amagá;Arenitas;Paleógeno
37;5.9959;-75.6802;Nechí_1;Productor - Subterráneo;05-Antioquia;Amagá;Carbón;Sin información;Estratiforme;Orgánico;ROCA SEDIMENTARIA;Formación Amagá;Arenitas;Paleógeno
38;6.0347;-75.6944;San Fernando;Productor - Subterráneo;05-Antioquia;Amagá;Carbón;Sin información;Estratiforme;Orgánico;ROCA SEDIMENTARIA;Formación Amagá;Arenitas;Paleógeno
40;6.9207;-75.0909;Compañía Minera de Amalfi S.A;Productor - Cielo abierto;05-Antioquia;Amalfi;Oro-Au;Oro-Au;Aluvial;Placer;ROCA METAMÓRFICA;"Esquistos grafíticos, cuarzomoscovíticos, cloríticos y anfibólicos; filitas; cuarcitas; mármoles, y serpentinitas  del Triásico";Esquisto;Triásico
41;6.8866;-75.0543;Dragas HG Ltda;Productor - Cielo abierto;05-Antioquia;Amalfi;Oro-Au;Oro-Au;Aluvial;Placer;ROCA METAMÓRFICA;"Esquistos grafíticos, cuarzomoscovíticos, cloríticos y anfibólicos; filitas; cuarcitas; mármoles, y serpentinitas  del Triásico";Esquisto;Triásico
42;6.9712;-75.008;El Clavel;Productor pasado - Subterráneo;05-Antioquia;Amalfi;Oro-Au;Oro-Au;Veta;Sin_Clasificar;ROCA METAMÓRFICA;"Gneises cuarzofeldespáticos algunos con sillimanita, cordierita y hornblenda; anfibolitas; migmatitas; esquistos, y mármoles  del Triásico";Gneis;Triásico
43;6.8424;-75.1033;El Silencio I;Productor pasado - Subterráneo;05-Antioquia;Amalfi;Oro-Au;Oro-Au;Veta;Sin_Clasificar;ROCA METAMÓRFICA;"Esquistos grafíticos, cuarzomoscovíticos, cloríticos y anfibólicos; filitas; cuarcitas; mármoles, y serpentinitas  del Triásico";Esquisto;Triásico
44;6.8701;-75.104;El Silencio II;Productor pasado - Subterráneo;05-Antioquia;Amalfi;Oro-Au;Oro-Au;Veta;Sin_Clasificar;ROCA METAMÓRFICA;"Esquistos grafíticos, cuarzomoscovíticos, cloríticos y anfibólicos; filitas; cuarcitas; mármoles, y serpentinitas  del Triásico";Esquisto;Triásico
45;7.0358;-74.9227;El Tigrillo;Productor - Cielo abierto;05-Antioquia;Amalfi;Oro-Au;Oro-Au;Aluvial;Placer;ROCA METAMÓRFICA;"Gneises cuarzofeldespáticos algunos con sillimanita, cordierita y hornblenda; anfibolitas; migmatitas; esquistos, y mármoles  del Triásico";Gneis;Triásico
46;6.908;-75.1548;Herran S.O.M;Productor - Subterráneo;05-Antioquia;Amalfi;Oro-Au;Sin información;Veta;Sin_Clasificar;ROCA METAMÓRFICA;"Esquistos grafíticos, cuarzomoscovíticos, cloríticos y anfibólicos; filitas; cuarcitas; mármoles, y serpentinitas  del Triásico";Esquisto;Triásico
47;6.8813;-75.1388;Hojas Negras_1;Productor - Subterráneo;05-Antioquia;Amalfi;Oro-Au;Sin información;Veta;Sin_Clasificar;ROCA METAMÓRFICA;"Esquistos grafíticos, cuarzomoscovíticos, cloríticos y anfibólicos; filitas; cuarcitas; mármoles, y serpentinitas  del Triásico";Esquisto;Triásico
48;6.9038;-75.1214;Hojas Negras_2;Productor - Subterráneo;05-Antioquia;Amalfi;Oro-Au;Sin información;Veta;Sin_Clasificar;ROCA METAMÓRFICA;"Esquistos grafíticos, cuarzomoscovíticos, cloríticos y anfibólicos; filitas; cuarcitas; mármoles, y serpentinitas  del Triásico";Esquisto;Triásico
49;6.7846;-75.0497;La Cancana;Productor - Subterráneo;05-Antioquia;Amalfi;Oro-Au;Sin información;Veta;Epitermal;ROCA ÍGNEA PLUTÓNICA;Batolito Antioqueño;Granodioritas;Cretácico
50;6.8614;-75.0745;La Cienaga II;Productor - Subterráneo;05-Antioquia;Amalfi;Oro-Au;Sin información;Veta;Sin_Clasificar;ROCA METAMÓRFICA;"Esquistos grafíticos, cuarzomoscovíticos, cloríticos y anfibólicos; filitas; cuarcitas; mármoles, y serpentinitas  del Triásico";Esquisto;Triásico
51;6.8296;-75.0807;La Cienaga III;Productor - Subterráneo;05-Antioquia;Amalfi;Oro-Au;Sin información;Veta;Sin_Clasificar;ROCA METAMÓRFICA;"Esquistos grafíticos, cuarzomoscovíticos, cloríticos y anfibólicos; filitas; cuarcitas; mármoles, y serpentinitas  del Triásico";Esquisto;Triásico
52;6.9926;-75.0019;La Clara_2;Productor pasado - Subterráneo;05-Antioquia;Amalfi;Oro-Au;Sin información;Veta;Epitermal;ROCA METAMÓRFICA;"Gneises cuarzofeldespáticos algunos con sillimanita, cordierita y hornblenda; anfibolitas; migmatitas; esquistos, y mármoles  del Triásico";Gneis;Triásico
53;6.9184;-75.0149;La Esmeralda;Productor pasado - Subterráneo;05-Antioquia;Amalfi;Oro-Au;Oro-Au;Veta;Epitermal;ROCA METAMÓRFICA;"Gneises cuarzofeldespáticos algunos con sillimanita, cordierita y hornblenda; anfibolitas; migmatitas; esquistos, y mármoles  del Triásico";Gneis;Triásico
54;7.2574;-74.9285;La Generosa S.A;Productor - Cielo abierto;05-Antioquia;Amalfi;Oro-Au;Oro-Au;Aluvial;Placer;ROCA METAMÓRFICA;"Gneises cuarzofeldespáticos algunos con sillimanita, cordierita y hornblenda; anfibolitas; migmatitas; esquistos, y mármoles  del Triásico";Gneis;Triásico
55;7.0193;-74.9997;La Italia;Productor - Subterráneo;05-Antioquia;Amalfi;Oro-Au;Pirita-FeS2;Veta;Epitermal;ROCA METAMÓRFICA;"Gneises cuarzofeldespáticos algunos con sillimanita, cordierita y hornblenda; anfibolitas; migmatitas; esquistos, y mármoles  del Triásico";Gneis;Triásico
56;7.0062;-75.0631;La Manguita_1;Productor - Cielo abierto;05-Antioquia;Amalfi;Oro-Au;Oro-Au;Aluvial;Placer;ROCA METAMÓRFICA;"Gneises cuarzofeldespáticos algunos con sillimanita, cordierita y hornblenda; anfibolitas; migmatitas; esquistos, y mármoles  del Triásico";Gneis;Triásico
57;7.0778;-74.9686;La Sardina;Productor - Subterráneo;05-Antioquia;Amalfi;Oro-Au;Sin información;Veta;Sin_Clasificar;ROCA METAMÓRFICA;"Esquistos grafíticos, cuarzomoscovíticos, cloríticos y anfibólicos; filitas; cuarcitas; mármoles, y serpentinitas  del Triásico";Esquisto;Triásico
58;7.1731;-74.9339;La Vetilla;Productor - Subterráneo;05-Antioquia;Amalfi;Oro-Au;Oro-Au;Veta;Epitermal;ROCA METAMÓRFICA;"Esquistos grafíticos, cuarzomoscovíticos, cloríticos y anfibólicos; filitas; cuarcitas; mármoles, y serpentinitas  del Triásico";Esquisto;Triásico
59;6.9925;-75.0012;Los Ratones;Productor - Subterráneo;05-Antioquia;Amalfi;Oro-Au;Oro-Au;Veta;Otros_depósitos_asociados_a_intrusivos;ROCA METAMÓRFICA;"Gneises cuarzofeldespáticos algunos con sillimanita, cordierita y hornblenda; anfibolitas; migmatitas; esquistos, y mármoles  del Triásico";Gneis;Triásico
60;6.9333;-75.0527;Mina Yolombito;Productor pasado - Subterráneo;05-Antioquia;Amalfi;Oro-Au;Oro-Au;Veta;Orogénico;ROCA METAMÓRFICA;"Gneises cuarzofeldespáticos algunos con sillimanita, cordierita y hornblenda; anfibolitas; migmatitas; esquistos, y mármoles  del Triásico";Gneis;Triásico
61;6.9726;-75.0589;Miniatura;Productor - Subterráneo;05-Antioquia;Amalfi;Oro-Au;Oro-Au;Veta;Epitermal;ROCA METAMÓRFICA;"Gneises cuarzofeldespáticos algunos con sillimanita, cordierita y hornblenda; anfibolitas; migmatitas; esquistos, y mármoles  del Triásico";Gneis;Triásico
62;6.9467;-75.0394;Montecito;Productor - Subterráneo;05-Antioquia;Amalfi;Oro-Au;Oro-Au;Veta;Sin_Clasificar;ROCA METAMÓRFICA;"Gneises cuarzofeldespáticos algunos con sillimanita, cordierita y hornblenda; anfibolitas; migmatitas; esquistos, y mármoles  del Triásico";Gneis;Triásico
63;6.864;-75.1657;Quebrada Coloradas;Productor - Subterráneo;05-Antioquia;Amalfi;Oro-Au;Sin información;Veta;Sin_Clasificar;ROCA METAMÓRFICA;"Esquistos grafíticos, cuarzomoscovíticos, cloríticos y anfibólicos; filitas; cuarcitas; mármoles, y serpentinitas  del Triásico";Esquisto;Triásico
64;6.9708;-75.0394;Salazar;Productor pasado - Subterráneo;05-Antioquia;Amalfi;Oro-Au;Pirita-FeS2;Veta;Epitermal;ROCA METAMÓRFICA;"Gneises cuarzofeldespáticos algunos con sillimanita, cordierita y hornblenda; anfibolitas; migmatitas; esquistos, y mármoles  del Triásico";Gneis;Triásico
65;6.8131;-75.0583;San Cristóbal II;Productor pasado - Subterráneo;05-Antioquia;Amalfi;Oro-Au;Oro-Au;Veta;Sin_Clasificar;ROCA ÍGNEA PLUTÓNICA;Batolito Antioqueño;Granodioritas;Cretácico
66;7.1445;-74.9102;Santa Isabel;Productor pasado - Subterráneo;05-Antioquia;Amalfi;Oro-Au;Sin información;Veta;Sin_Clasificar;ROCA METAMÓRFICA;"Gneises cuarzofeldespáticos algunos con sillimanita, cordierita y hornblenda; anfibolitas; migmatitas; esquistos, y mármoles  del Triásico";Gneis;Triásico
67;6.9524;-75.0843;Santa Lucía II;Productor pasado - Subterráneo;05-Antioquia;Amalfi;Oro-Au;Oro-Au;Veta;Sin_Clasificar;ROCA METAMÓRFICA;"Gneises cuarzofeldespáticos algunos con sillimanita, cordierita y hornblenda; anfibolitas; migmatitas; esquistos, y mármoles  del Triásico";Gneis;Triásico
68;6.8192;-75.1193;Santa Mónica;Productor pasado - Subterráneo;05-Antioquia;Amalfi;Oro-Au;Sin información;Veta;Sin_Clasificar;ROCA METAMÓRFICA;"Esquistos grafíticos, cuarzomoscovíticos, cloríticos y anfibólicos; filitas; cuarcitas; mármoles, y serpentinitas  del Triásico";Esquisto;Triásico
69;5.5939;-75.9784;Alejandría;Productor pasado - Subterráneo;05-Antioquia;Andes;Oro-Au;Pirita-FeS2;Veta;Epitermal;ROCA ÍGNEA PLUTÓNICA;Batolito de Farallones;Monzonitas;Neógeno
70;5.6648;-75.9002;Cantera Rual;Productor - Cielo abierto;05-Antioquia;Andes;Oro-Au;Oro-Au;Aluvial;Placer;ROCA SEDIMENTARIA;"Lodolitas; arenitas lodosas y arenitas líticas; cherts; calizas; tobas, y aglomerados  Localmente cataclasitas  del Turoniano-Maastrichtiano";Limolita / siltstone;Cretácico
71;5.6845;-75.8746;Draga Campamento;Productor - Cielo abierto;05-Antioquia;Andes;Oro-Au;Sin información;Aluvial;Placer;ROCA ÍGNEA VOLCÁNICA;Formación Combia;Basalto;Neógeno
72;5.5971;-75.9471;El Cóndor;Productor - Subterráneo;05-Antioquia;Andes;Oro-Au;Sin información;Veta;Epitermal;ROCA ÍGNEA PLUTÓNICA;Batolito de Farallones;Monzonitas;Neógeno
73;5.6103;-75.9051;La Clara_1;Ocurrencia;05-Antioquia;Andes;Oro-Au;Oro-Au;Veta;Epitermal;ROCA SEDIMENTARIA;"Lodolitas; arenitas lodosas y arenitas líticas; cherts; calizas; tobas, y aglomerados  Localmente cataclasitas  del Turoniano-Maastrichtiano";Limolita / siltstone;Cretácico
74;5.5319;-75.8867;La Cristalina;Productor - Subterráneo;05-Antioquia;Andes;Oro-Au;Sin información;Veta;Sin_Clasificar;ROCA SEDIMENTARIA;"Lodolitas; arenitas lodosas y arenitas líticas; cherts; calizas; tobas, y aglomerados  Localmente cataclasitas  del Turoniano-Maastrichtiano";Limolita / siltstone;Cretácico
75;5.521;-75.9087;La Mesenia;Ocurrencia;05-Antioquia;Andes;Oro-Au;Sin información;Veta;Epitermal;ROCA SEDIMENTARIA;"Lodolitas; arenitas lodosas y arenitas líticas; cherts; calizas; tobas, y aglomerados  Localmente cataclasitas  del Turoniano-Maastrichtiano";Limolita / siltstone;Cretácico
76;5.6298;-75.9492;Mina La Manteada 1;Productor - Subterráneo;05-Antioquia;Andes;Oro-Au;Sin información;Veta;Otros_depósitos_asociados_a_intrusivos;ROCA ÍGNEA PLUTÓNICA;Batolito de Farallones;Monzonitas;Neógeno
77;5.6782;-75.9881;Mina Los Topitos de la Rochela;Productor pasado - Subterráneo;05-Antioquia;Andes;Oro-Au;Sin información;Sin información;Sin_Clasificar;ROCA ÍGNEA PLUTÓNICA;Batolito de Farallones;Monzonita;Neógeno
78;5.5824;-75.9902;Mina San Esteban;Productor pasado - Subterráneo;05-Antioquia;Andes;Oro-Au;Pirita-FeS2;Veta;Sin_Clasificar;ROCA ÍGNEA PLUTÓNICA;Batolito de Farallones;Granodioritas;Neógeno
79;5.727;-75.8851;Mina Vieja N 1;Productor - Cielo abierto;05-Antioquia;Andes;Arcilla_Caolinita;Arcilla-Al2O3·2SiO2·H2O;Estratiforme;Rocas;ROCA ÍGNEA VOLCÁNICA;Formación Combia;Basalto;Neógeno
80;5.5501;-75.8982;Mina Virgen del Carmen;Productor - Subterráneo;05-Antioquia;Andes;Oro-Au;Pirrotita-Fe1-xS;Veta;Otros_depósitos_asociados_a_intrusivos;ROCA METAMÓRFICA;"Lodolitas; arenitas lodosas y arenitas líticas; cherts; calizas; tobas, y aglomerados. Localmente cataclasitas.";Meta-arenisca;Cretácico
81;5.5566;-75.9371;Reserva Forestal;Productor - Subterráneo;05-Antioquia;Andes;Oro-Au;Pirita-FeS2;Veta;Epitermal;ROCA ÍGNEA PLUTÓNICA;Batolito de Farallones;Monzonitas;Neógeno
82;5.6551;-75.8776;San Agustín_1;Productor - Subterráneo;05-Antioquia;Andes;Oro-Au;Sin información;Veta;Sin_Clasificar;ROCA SEDIMENTARIA;"Lodolitas; arenitas lodosas y arenitas líticas; cherts; calizas; tobas, y aglomerados  Localmente cataclasitas  del Turoniano-Maastrichtiano";Limolita / siltstone;Cretácico
83;5.5805;-75.8966;San Antonio_3;Ocurrencia;05-Antioquia;Andes;Oro-Au;Sin información;Veta;Epitermal;ROCA SEDIMENTARIA;"Lodolitas; arenitas lodosas y arenitas líticas; cherts; calizas; tobas, y aglomerados  Localmente cataclasitas  del Turoniano-Maastrichtiano";Limolita / siltstone;Cretácico
84;5.5336;-75.9814;San Pablo;Productor pasado - Subterráneo;05-Antioquia;Andes;Oro-Au;Sin información;Veta;Sin_Clasificar;ROCA ÍGNEA PLUTÓNICA;Batolito de Farallones;Monzonitas;Neógeno
85;5.6214;-76.003;San Rafael I;Productor pasado - Subterráneo;05-Antioquia;Andes;Oro-Au;Sin información;Veta;Sin_Clasificar;ROCA ÍGNEA PLUTÓNICA;Batolito de Farallones;Monzonitas;Neógeno
86;5.6143;-75.9262;Santa Cruz;Productor pasado - Subterráneo;05-Antioquia;Andes;Oro-Au;Pirita-FeS2;Veta;Epitermal;ROCA SEDIMENTARIA;"Lodolitas; arenitas lodosas y arenitas líticas; cherts; calizas; tobas, y aglomerados  Localmente cataclasitas  del Turoniano-Maastrichtiano";Limolita / siltstone;Cretácico
87;5.6274;-75.9241;Santa Elena;Productor - Subterráneo;05-Antioquia;Andes;Oro-Au;Sin información;Veta;Sin_Clasificar;ROCA SEDIMENTARIA;"Lodolitas; arenitas lodosas y arenitas líticas; cherts; calizas; tobas, y aglomerados  Localmente cataclasitas  del Turoniano-Maastrichtiano";Limolita / siltstone;Cretácico
88;5.5908;-75.9276;Santa Elena;Productor pasado - Subterráneo;05-Antioquia;Andes;Oro-Au;Pirita-FeS2;Veta;Epitermal;ROCA SEDIMENTARIA;"Lodolitas; arenitas lodosas y arenitas líticas; cherts; calizas; tobas, y aglomerados  Localmente cataclasitas  del Turoniano-Maastrichtiano";Limolita / siltstone;Cretácico
89;5.5816;-75.9658;Santa Teresa;Productor pasado - Subterráneo;05-Antioquia;Andes;Oro-Au;Pirita-FeS2;Veta;Epitermal;ROCA ÍGNEA PLUTÓNICA;Batolito de Farallones;Monzonitas;Neógeno
90;5.5501;-75.8982;Santana;Productor - Subterráneo;05-Antioquia;Andes;Oro-Au;Pirita-FeS2;Veta;Epitermal;ROCA SEDIMENTARIA;"Lodolitas; arenitas lodosas y arenitas líticas; cherts; calizas; tobas, y aglomerados  Localmente cataclasitas  del Turoniano-Maastrichtiano";Limolita / siltstone;Cretácico
91;5.6014;-75.8879;Tierra Adentro;Productor - Subterráneo;05-Antioquia;Andes;Oro-Au;Sin información;Veta;Sin_Clasificar;ROCA SEDIMENTARIA;"Lodolitas; arenitas lodosas y arenitas líticas; cherts; calizas; tobas, y aglomerados  Localmente cataclasitas  del Turoniano-Maastrichtiano";Limolita / siltstone;Cretácico
93;6.9094;-75.3199;Batea Seca_3;Ocurrencia;05-Antioquia;Angostura;Oro-Au;Hematita-Fe2O3;Veta;Epitermal;ROCA ÍGNEA PLUTÓNICA;Batolito Antioqueño;Granodioritas;Cretácico
94;6.9472;-75.3055;Cañaveral Abajo;Ocurrencia;05-Antioquia;Angostura;Oro-Au;Sin información;Veta;Otros_depósitos_asociados_a_intrusivos;ROCA ÍGNEA PLUTÓNICA;Batolito Antioqueño;Granodioritas;Cretácico
95;6.9393;-75.3364;Cañaveral_1;Ocurrencia;05-Antioquia;Angostura;Oro-Au;Hematita-Fe2O3;Veta;Epitermal;ROCA ÍGNEA PLUTÓNICA;Batolito Antioqueño;Granodioritas;Cretácico
96;6.812;-75.3785;Concepción;Productor - Subterráneo;05-Antioquia;Angostura;Oro-Au;Sin información;Veta;Sin_Clasificar;ROCA ÍGNEA PLUTÓNICA;Batolito Antioqueño;Granodioritas;Cretácico
97;6.9006;-75.4087;El Pino;Productor - Subterráneo;05-Antioquia;Angostura;Oro-Au;Sin información;Veta;Sin_Clasificar;ROCA ÍGNEA PLUTÓNICA;Batolito Antioqueño;Granodioritas;Cretácico
98;6.8643;-75.4115;El Remenso;Productor - Subterráneo;05-Antioquia;Angostura;Oro-Au;Sin información;Veta;Sin_Clasificar;ROCA ÍGNEA PLUTÓNICA;Batolito Antioqueño;Granodioritas;Cretácico
99;6.9;-75.3676;La Blanquita;Productor - Subterráneo;05-Antioquia;Angostura;Oro-Au;Sin información;Veta;Sin_Clasificar;ROCA ÍGNEA PLUTÓNICA;Batolito Antioqueño;Granodioritas;Cretácico
100;6.9052;-75.274;La Bramadora;Productor - Subterráneo;05-Antioquia;Angostura;Oro-Au;Pirita-FeS2;Veta;Otros_depósitos_asociados_a_intrusivos;ROCA ÍGNEA PLUTÓNICA;Batolito Antioqueño;Granodioritas;Cretácico
101;6.7999;-75.4119;La Esperanza;Productor - Subterráneo;05-Antioquia;Angostura;Oro-Au;Sin información;Veta;Sin_Clasificar;ROCA ÍGNEA PLUTÓNICA;Batolito Antioqueño;Granodioritas;Cretácico
102;6.9246;-75.2491;Margarita V;Productor pasado - Subterráneo;05-Antioquia;Angostura;Oro-Au;Sin información;Veta;Sin_Clasificar;ROCA ÍGNEA VOLCÁNICA;Basaltos, y lodolitas negras intercaladas con limolitas, arenitas y conglomerados  del Cretácico Inferior;Basalto;Cretácico
103;6.9534;-75.2799;San Alejandro 1;Productor pasado - Subterráneo;05-Antioquia;Angostura;Oro-Au;Sin información;Veta;Sin_Clasificar;ROCA ÍGNEA PLUTÓNICA;Batolito Antioqueño;Granodioritas;Cretácico
104;6.9535;-75.2535;San Alejandro II;Productor pasado - Subterráneo;05-Antioquia;Angostura;Oro-Au;Sin información;Veta;Sin_Clasificar;ROCA ÍGNEA VOLCÁNICA;Basaltos, y lodolitas negras intercaladas con limolitas, arenitas y conglomerados  del Cretácico Inferior;Basalto;Cretácico
105;6.9312;-75.2952;San Alejandro_1;Ocurrencia;05-Antioquia;Angostura;Oro-Au;Pirita-FeS2;Veta;Otros_depósitos_asociados_a_intrusivos;ROCA ÍGNEA PLUTÓNICA;Batolito Antioqueño;Granodioritas;Cretácico
106;6.8209;-75.412;San Antonio;Productor - Subterráneo;05-Antioquia;Angostura;Oro-Au;Sin información;Veta;Sin_Clasificar;ROCA ÍGNEA PLUTÓNICA;Batolito Antioqueño;Granodioritas;Cretácico
107;6.8566;-75.2949;San Antonio_6;Ocurrencia;05-Antioquia;Angostura;Oro-Au;Pirita-FeS2;Veta;Epitermal;ROCA ÍGNEA PLUTÓNICA;Batolito Antioqueño;Granodioritas;Cretácico
108;6.8423;-75.3567;Santa Ana_1;Productor - Subterráneo;05-Antioquia;Angostura;Oro-Au;Sin información;Veta;Sin_Clasificar;ROCA ÍGNEA PLUTÓNICA;Batolito Antioqueño;Granodioritas;Cretácico
109;6.8498;-75.3181;Santa Ana_3;Ocurrencia;05-Antioquia;Angostura;Oro-Au;Hematita-Fe2O3;Diseminado;Otros_depósitos_asociados_a_intrusivos;ROCA ÍGNEA PLUTÓNICA;Batolito Antioqueño;Granodioritas;Cretácico
110;6.8774;-75.2985;Santa Ana_4;Ocurrencia;05-Antioquia;Angostura;Oro-Au;Pirita-FeS2;Veta;Otros_depósitos_asociados_a_intrusivos;ROCA ÍGNEA PLUTÓNICA;Batolito Antioqueño;Granodioritas;Cretácico
111;6.9369;-75.366;Santa Rita_1;Productor pasado - Subterráneo;05-Antioquia;Angostura;Oro-Au;Sin información;Veta;Sin_Clasificar;ROCA ÍGNEA PLUTÓNICA;Batolito Antioqueño;Granodioritas;Cretácico
112;6.8198;-75.3202;Santa Rita_3;Productor pasado - Subterráneo;05-Antioquia;Angostura;Oro-Au;Sin información;Veta;Sin_Clasificar;ROCA ÍGNEA PLUTÓNICA;Batolito Antioqueño;Granodioritas;Cretácico
113;6.8567;-75.2716;Santa Teresa;Ocurrencia;05-Antioquia;Angostura;Oro-Au;Pirita-FeS2;Veta;Epitermal;ROCA ÍGNEA PLUTÓNICA;Batolito Antioqueño;Granodioritas;Cretácico
114;6.985;-75.1743;El Olivo;Productor pasado - Subterráneo;05-Antioquia;Anorí;Oro-Au;Sin información;Veta;Sin_Clasificar;ROCA METAMÓRFICA;"Esquistos grafíticos, cuarzomoscovíticos, cloríticos y anfibólicos; filitas; cuarcitas; mármoles, y serpentinitas  del Triásico";Esquisto;Triásico
115;6.9509;-75.1961;Guateros II;Productor - Subterráneo;05-Antioquia;Anorí;Oro-Au;Sin información;Veta;Sin_Clasificar;ROCA ÍGNEA VOLCÁNICA;Basaltos, y lodolitas negras intercaladas con limolitas, arenitas y conglomerados  del Cretácico Inferior;Basalto;Cretácico
116;7.099;-75.1207;La Arroyave;Productor pasado - Subterráneo;05-Antioquia;Anorí;Oro-Au;Pirita-FeS2;Veta;Sin_Clasificar;ROCA METAMÓRFICA;"Esquistos grafíticos, cuarzomoscovíticos, cloríticos y anfibólicos; filitas; cuarcitas; mármoles, y serpentinitas  del Triásico";Gneis;Triásico
117;6.977;-75.1939;Medias Faldas;Productor - Subterráneo;05-Antioquia;Anorí;Oro-Au;Oro-Au;Veta;Sin_Clasificar;ROCA ÍGNEA VOLCÁNICA;Basaltos, y lodolitas negras intercaladas con limolitas, arenitas y conglomerados  del Cretácico Inferior;Basalto;Cretácico
118;7.0649;-75.0583;Quebrada El Pescado;Productor - Cielo abierto;05-Antioquia;Anorí;Oro-Au;Sin información;Aluvial;Placer;ROCA METAMÓRFICA;"Gneises cuarzofeldespáticos algunos con sillimanita, cordierita y hornblenda; anfibolitas; migmatitas; esquistos, y mármoles  del Triásico";Gneis;Triásico
119;7.144;-75.0964;Quebrada El Valle;Productor - Cielo abierto;05-Antioquia;Anorí;Oro-Au;Oro-Au;Aluvial;Placer;ROCA METAMÓRFICA;"Gneises cuarzofeldespáticos algunos con sillimanita, cordierita y hornblenda; anfibolitas; migmatitas; esquistos, y mármoles  del Triásico";Gneis;Triásico
120;7.0041;-75.2226;San Pablo I;Productor pasado - Subterráneo;05-Antioquia;Anorí;Oro-Au;Sin información;Veta;Sin_Clasificar;ROCA METAMÓRFICA;"Esquistos grafíticos, cuarzomoscovíticos, cloríticos y anfibólicos; filitas; cuarcitas; mármoles, y serpentinitas  del Triásico";Sin información;Sin información
121;7.1654;-75.148;Santa Gertudis;Productor pasado - Subterráneo;05-Antioquia;Anorí;Oro-Au;Sin información;Veta;Sin_Clasificar;ROCA METAMÓRFICA;"Esquistos grafíticos, cuarzomoscovíticos, cloríticos y anfibólicos; filitas; cuarcitas; mármoles, y serpentinitas  del Triásico";Esquisto;Triásico
122;6.9773;-75.2225;Santa María III;Productor pasado - Subterráneo;05-Antioquia;Anorí;Oro-Au;Oro-Au;Veta;Sin_Clasificar;ROCA ÍGNEA VOLCÁNICA;Basaltos, y lodolitas negras intercaladas con limolitas, arenitas y conglomerados  del Cretácico Inferior;Basalto;Cretácico
123;7.0652;-75.2258;Sociedad  Grupo de Bullet S.A.;Productor - Subterráneo;05-Antioquia;Anorí;Oro-Au;Sin información;Veta;Sin_Clasificar;ROCA METAMÓRFICA;"Esquistos grafíticos, cuarzomoscovíticos, cloríticos y anfibólicos; filitas; cuarcitas; mármoles, y serpentinitas  del Triásico";Sin información;Sin información
124;7.1265;-75.2437;Sociedad Minerales de Ensenada S.A.;Productor - Cielo abierto;05-Antioquia;Anorí;Oro-Au;Oro-Au;Aluvial;Placer;ROCA ÍGNEA VOLCÁNICA;Basaltos, y lodolitas negras intercaladas con limolitas, arenitas y conglomerados  del Cretácico Inferior;Basalto;Cretácico
126;6.3245;-75.9821;Mina Aleman;Productor - Subterráneo;05-Antioquia;Anzá;Oro-Au;Calcopirita-CuFeS2;Veta;Otros_depósitos_asociados_a_intrusivos;ROCA ÍGNEA VOLCÁNICA;Grupo Cañasgordas;Basaltos;Cretácico
127;6.2864;-75.9585;Mina La Margarita;Productor pasado - Subterráneo;05-Antioquia;Anzá;Oro-Au;Oro-Au;Veta;Otros_depósitos_asociados_a_intrusivos;ROCA_ÍGNEA_VOLCANICLÁSTICA;Formación Barroso;Basalto;Cretácico
128;6.3373;-75.8897;Mina Pitanja;Productor pasado - Subterráneo;05-Antioquia;Anzá;Oro-Au;Oro-Au;Veta;Epitermal;ROCA_ÍGNEA_VOLCANICLÁSTICA;Formación Barroso;Basalto;Cretácico
129;6.3627;-75.9295;No Indicado_05_0070;Ocurrencia;05-Antioquia;Anzá;Oro-Au;Pirita-FeS2;Diseminado;Sin_Clasificar;ROCA SEDIMENTARIA;Grupo Cañasgordas, Formación Barroso;Sin información;Sin información
130;6.2815;-75.9014;Proyecto Anzá;Prospecto desarrollado;05-Antioquia;Anzá;Oro-Au;Pirita-FeS2;Estratiforme;Volcanogénico;ROCA ÍGNEA VOLCÁNICA;Grupo Cañasgordas;Basaltos;Cretácico
131;5.7564;-75.1086;El Tesoro;Prospecto;05-Antioquia;Argelia;Oro-Au;Oro-Au;Veta;Otros_depósitos_asociados_a_intrusivos;ROCA ÍGNEA PLUTÓNICA;Batolito de Sonsón;Granito;Paleógeno
132;5.7227;-75.1169;No Indicado_05_0009;Productor pasado - Subterráneo;05-Antioquia;Argelia;Oro-Au;Oro-Au;Veta;Otros_depósitos_asociados_a_intrusivos;ROCA METAMÓRFICA;Complejo Cajamarca;Hornfelsa;Triásico
133;6.4033;-75.3448;Mina El Guamal;Productor - Subterráneo;05-Antioquia;Barbosa;Oro-Au;Pirita-FeS2;Veta;Orogénico;ROCA METAMÓRFICA;Anfibolitas de Medellín;Anfibolitas;Triásico
134;6.3968;-75.562;Sector Norte- Loma Menezes-AC-78-B-frente Aníbal;Productor pasado - Cielo abierto;05-Antioquia;Bello;Cromo-Cr;Cromita-Fe+2Cr2O4;Podiforme;Asociado_a_magmas_máficos_básicos;ROCA ÍGNEA PLUTÓNICA;Dunita de Medellín;Serpentinita;Triásico
135;6.6339;-75.6685;Mina Filandia;Prospecto;05-Antioquia;Belmira;Oro-Au;Sin información;Veta;Otros_depósitos_asociados_a_intrusivos;ROCA METAMÓRFICA;Anfibolitas de Medellín;Gneis;Cretácico
136;6.6604;-75.6993;Mina San Joaquin;Productor pasado - Subterráneo;05-Antioquia;Belmira;Oro-Au;Pirita-FeS2;Veta;Otros_depósitos_asociados_a_intrusivos;ROCA METAMÓRFICA;Anfibolitas de Medellín;Esquisto;Cretácico
137;6.6032;-75.6513;Mina Yerbalito;Productor pasado - Subterráneo;05-Antioquia;Belmira;Oro-Au;Óxidos;Veta;Otros_depósitos_asociados_a_intrusivos;ROCA METAMÓRFICA;Anfibolitas de Medellín;Gneis;Cretácico
138;6.7013;-75.6997;San Joaquín1;Productor - Subterráneo;05-Antioquia;Belmira;Oro-Au;Oro-Au;Veta;Sin_Clasificar;ROCA METAMÓRFICA;Anfibolitas de Medellín;Anfibolita;Cretácico
139;5.6923;-76.0447;Mina El Silencio;Productor pasado - Subterráneo;05-Antioquia;Betania;Oro-Au;Sin información;Veta;Sin_Clasificar;ROCA ÍGNEA PLUTÓNICA;Batolito de Farallones;Granodioritas;Neógeno
140;7.0703;-75.6223;Mina Berlín;Productor pasado - Subterráneo;05-Antioquia;Briceño;Oro-Au;Oro-Au;Veta;Orogénico;ROCA METAMÓRFICA;Complejo Cajamarca;Esquisto;Triásico
141;6.7233;-75.9434;Guarco;Prospecto;05-Antioquia;Buriticá;Oro-Au;Sin información;Veta;Epitermal;ROCA ÍGNEA VOLCÁNICA;Formación Barroso;Basalto;Cretácico
142;6.7706;-75.9554;La Antigua;Productor;05-Antioquia;Buriticá;Oro-Au;Sin información;Veta;Sin información;Sin información;Sin información;Sin información;Sin información
143;6.7046;-75.9053;Mina Yaraguá;Productor - Subterráneo;05-Antioquia;Buriticá;Oro-Au;Oro-Au;Veta;Epitermal;ROCA_SUBVOLCÁNICA_HIPOABISAL;Andesita de Buriticá;Pórfido Diorítico (Andesítico);Neógeno
144;6.702;-75.8434;No Indicado_05_0123;Productor;05-Antioquia;Buriticá;Oro-Au;Sin información;Veta;Sin información;Sin información;Sin información;Sin información;Sin información
145;6.7157;-75.9278;Pajarito;Prospecto;05-Antioquia;Buriticá;Oro-Au;Sin información;Veta;Epitermal;ROCA ÍGNEA VOLCÁNICA;Formación Barroso;Basalto;Cretácico
146;6.4029;-76.0205;No Indicado_05_0011;Productor - Subterráneo;05-Antioquia;Caicedo;Oro-Au;Oro-Au;Sin información;Sin_Clasificar;ROCA ÍGNEA PLUTÓNICA;Monzodiorita de La Horqueta;Monzodiorita;Neógeno
147;6.4575;-76.0365;No Indicado_05_0012;Ocurrencia;05-Antioquia;Caicedo;Oro-Au;Pirita-FeS2;Veta;Otros_depósitos_asociados_a_intrusivos;ROCA METAMÓRFICA;"Lodolitas; arenitas lodosas y arenitas líticas; cherts; calizas; tobas, y aglomerados  Localmente cataclasitas  del Turoniano-Maastrichtiano";Hornfelsa;Cretácico
148;6.3587;-75.9654;No Indicado_05_0064;Productor pasado - Subterráneo;05-Antioquia;Caicedo;Oro-Au;Sin información;Veta;Sin_Clasificar;ROCA SEDIMENTARIA;Grupo Cañasgordas, Formación Barroso;Sin información;Sin información
149;7.0628;-75.2793;Mina Las Brisas;Productor - Cielo abierto;05-Antioquia;Campamento;Asbestos;Crisotilo-Mg3(Si2O5)(OH)4;Masivo;Minerales_Industriales;ROCA ÍGNEA PLUTÓNICA;Sin información;Peridotita;Cretácico
150;7.0315;-75.2543;Morro Pelón;Prospecto;05-Antioquia;Campamento;Níquel-Ni;Sin información;No consolidado;Residual_Oxidado;ROCA ÍGNEA PLUTÓNICA;Sin información;Peridotita;Cretácico
151;6.408;-74.7845;El Aguacate;Productor - Subterráneo;05-Antioquia;Caracolí;Oro-Au;Pirita-FeS2;Zona de Cizalla;Otros_depósitos_asociados_a_intrusivos;ROCA ÍGNEA PLUTÓNICA;Stock de Caracolí;Tonalita;Sin información
152;6.3644;-74.7423;El Purgatorio;Productor pasado - Subterráneo;05-Antioquia;Caracolí;Oro-Au;Pirita-FeS2;Veta;Orogénico;ROCA METAMÓRFICA;Rocas metamórficas de la cordillera central al oeste de la falla de Otu;Gneis;Sin información
153;5.556;-75.689;El Retén;Prospecto;05-Antioquia;Caramanta;Oro-Au;Electrum;Diseminado;Pórfido;ROCA ÍGNEA VOLCÁNICA;Formación Combia;Andesita;Neógeno
154;5.5763;-75.6875;Malabrigo;Prospecto;05-Antioquia;Caramanta;Oro-Au;Electrum;Diseminado;Pórfido;ROCA ÍGNEA VOLCÁNICA;Formación Combia;Andesita;Neógeno
155;5.5458;-75.5819;Mina Orofino;Prospecto;05-Antioquia;Caramanta;Oro-Au;Pirita-FeS2;Diseminado;Pórfido;ROCA METAMÓRFICA;Esquistos anfibólicos, cuarzosericíticos, clorític;Esquito grafitoso;Cretácico
156;5.58;-75.63;Yarumalito;Prospecto desarrollado;05-Antioquia;Caramanta;Oro-Au;Pirita-FeS2;Veta;Pórfido;ROCA ÍGNEA VOLCÁNICA;Formación Combia;Basalto;Sin información
157;5.7918;-76.0732;Mina La Culebra;Productor pasado - Subterráneo;05-Antioquia;Ciudad Bolivar;Oro-Au;Sin información;Veta;Sin_Clasificar;ROCA ÍGNEA PLUTÓNICA;Batolito de Farallones;Granodioritas;Neógeno
158;6.0105;-75.0936;Veta_Cocorná;Productor pasado - Subterráneo;05-Antioquia;Cocorná;Oro-Au;Oro-Au;Sin información;Sin_Clasificar;ROCA ÍGNEA PLUTÓNICA;Batolito Antioqueño;Granodioritas;Cretácico
159;6.4061;-75.3019;Mina Los Vientos;Productor - Subterráneo;05-Antioquia;Concepción;Oro-Au;Oro-Au;Veta;Otros_depósitos_asociados_a_intrusivos;ROCA ÍGNEA PLUTÓNICA;Batolito Antioqueño;Granodioritas;Cretácico
160;6.3453;-75.2566;Mina Providencia;Productor - Subterráneo;05-Antioquia;Concepción;Oro-Au;Pirita-FeS2;Sin información;Sin_Clasificar;ROCA METAMÓRFICA;Anfibolitas de Medellín;Anfibolita;Triásico
161;6.0866;-75.8855;Mina Loma del Venado;Productor pasado - Subterráneo;05-Antioquia;Concordia;Oro-Au;Pirita-FeS2;Veta;Epitermal;ROCA ÍGNEA VOLCÁNICA;Formación Barroso;Basalto;Sin información
162;6.8696;-76.4038;El Hávila;Prospecto;05-Antioquia;Dabeiba;Cobre-Cu;Cobre-Cu;Diseminado;Pórfido;ROCA_ÍGNEA_VOLCANICLÁSTICA;Complejo Santa Cecilia-La Equis;Basalto;Paleógeno
163;7.0573;-76.2917;Mina La Paleta;Productor - Subterráneo;05-Antioquia;Dabeiba;Oro-Au;Pirita-FeS2;Veta;Sin_Clasificar;ROCA SEDIMENTARIA;"Lodolitas; arenitas lodosas y arenitas líticas; cherts; calizas; tobas, y aglomerados. Localmente cataclasitas.";Lodolita;Cretácico
164;7.0455;-76.4123;Mina Vallecí;Productor pasado - Cielo abierto;05-Antioquia;Dabeiba;Manganeso-Mn;Braunita-Mn+2Mn6+3SiO12;Veta;Ferroso;ROCA_ÍGNEA_VOLCANICLÁSTICA;Complejo Santa Cecilia-La Equis;Tufita;Paleógeno
165;6.8664;-76.4023;No Indicado_05_0015;Ocurrencia;05-Antioquia;Dabeiba;Platino-Pt;Platino-Pt;Aluvial;Placer;DEPOSITO ALUVIAL;Depósitos aluviales y de llanuras aluviales del Cuaternario;Conglomerado arenoso;Cuaternario
166;6.9527;-76.4395;No Indicado_05_0016;Ocurrencia;05-Antioquia;Dabeiba;Platino-Pt;Platino-Pt;Aluvial;Placer;DEPOSITO ALUVIAL;Depósitos aluviales y de llanuras aluviales del Cuaternario;Conglomerado arenoso;Cuaternario
167;6.9542;-76.4129;No Indicado_05_0017;Ocurrencia;05-Antioquia;Dabeiba;Platino-Pt;Platino-Pt;Aluvial;Placer;DEPOSITO ALUVIAL;Depósitos aluviales y de llanuras aluviales del Cuaternario;Conglomerado arenoso;Cuaternario
168;7.1715;-76.4255;No Indicado_05_0018;Ocurrencia;05-Antioquia;Dabeiba;Platino-Pt;Platino-Pt;Aluvial;Placer;DEPOSITO ALUVIAL;Depósitos aluviales y de llanuras aluviales del Cuaternario;Conglomerado arenoso;Cuaternario
169;7.0358;-76.3279;No Indicado_05_0062;Ocurrencia;05-Antioquia;Dabeiba;Cobre-Cu;Calcopirita-CuFeS2;Zona de Cizalla;Sin_Clasificar;ROCA ÍGNEA VOLCÁNICA;Basaltos y andesitas asociados con tobas líticas, de cristales y cristalolíticas de composición básica.;Sin información;Sin información
170;7.0607;-76.2929;No Indicado_05_0124;Ocurrencia;05-Antioquia;Dabeiba;Cobre-Cu;Cobre-Cu;Diseminado;Sin_Clasificar;ROCA ÍGNEA PLUTÓNICA;Sin información;Diorita;Cretácico
171;6.9992;-76.1678;No Indicado_05_0128;Ocurrencia;05-Antioquia;Dabeiba;Cobre-Cu;Cobre-Cu;Sin información;Sin_Clasificar;ROCA ÍGNEA VOLCÁNICA;Complejo Cañasgordas;Basalto;Cretácico
172;6.725;-76.547;Pantanos;Prospecto desarrollado;05-Antioquia;Dabeiba;Cobre-Cu;Calcopirita-CuFeS2;Diseminado;Pórfido;ROCA ÍGNEA PLUTÓNICA;Batolito de Mandé;Granodioritas;Paleógeno
173;6.5154;-75.2945;Mina El Presidio;Productor - Subterráneo;05-Antioquia;Don Matías;Oro-Au;Oro-Au;Veta;Otros_depósitos_asociados_a_intrusivos;ROCA ÍGNEA PLUTÓNICA;Batolito Antioqueño;Granodioritas;Cretácico
174;7.7808;-74.5261;Guamoco;productor - Subterráneo;05-Antioquia;El Bagre;Oro-Au;Oro-Au;Veta;Sin_Clasificar;ROCA METAMÓRFICA;Gneis de San Lucas;MP3NP1-Mag2;Neoproterozoico
175;7.7437;-74.5172;La Libertad;productor - Subterráneo;05-Antioquia;El Bagre;Oro-Au;Oro-Au;Veta;Sin_Clasificar;ROCA METAMÓRFICA;Gneis de San Lucas;MP3NP1-Mag2;Neoproterozoico
176;5.9217;-75.7309;Proyecto La Mina_Target La Cantera;Prospecto desarrollado;05-Antioquia;Fredonia;Oro-Au;Oro-Au;Diseminado;Pórfido;ROCA_ÍGNEA_VOLCANICLÁSTICA;Formación Combia;Basalto;Neógeno
177;6.7291;-76.3397;Cantera Piedras Blancas;Ocurrencia;05-Antioquia;Frontino;Cobre-Cu;Bornita-Cu5FeS4;Sin información;Sin_Clasificar;ROCA ÍGNEA PLUTÓNICA;Monzodiorita de Carauta;Monzodiorita;Neógeno
178;6.4187;-76.1561;La Lunareja;Productor pasado - Subterráneo;05-Antioquia;Frontino;Oro-Au;Oro-Au;Sin información;Sin_Clasificar;ROCA ÍGNEA PLUTÓNICA;Monzodiorita de La Horqueta;Monzodiorita;Neógeno
179;6.6857;-76.1929;Mina 7 Cueros;Productor - Subterráneo;05-Antioquia;Frontino;Oro-Au;Sin información;Veta;Epitermal;ROCA ÍGNEA PLUTÓNICA;Monzonita del Cerro Frontino;Monzonita;Neógeno
180;6.6527;-76.2243;Mina Campamento;Productor - Subterráneo;05-Antioquia;Frontino;Oro-Au;Sin información;Veta;Otros_depósitos_asociados_a_intrusivos;ROCA ÍGNEA VOLCÁNICA;Basaltos de La Clara-Río Calle;Basalto;Cretácico
181;6.7021;-76.1617;Mina El Gurupero;Productor - Subterráneo;05-Antioquia;Frontino;Oro-Au;Pirita-FeS2;Veta;Epitermal;ROCA ÍGNEA PLUTÓNICA;Monzonita del Cerro Frontino;Monzodiorita;Neógeno
182;6.6207;-76.2136;Mina Todos Los Santos;Productor - Subterráneo;05-Antioquia;Frontino;Oro-Au;Sin información;Veta;Otros_depósitos_asociados_a_intrusivos;ROCA ÍGNEA PLUTÓNICA;Monzonita del Cerro Frontino;Diorita;Neógeno
183;6.4596;-76.0975;Morro de Urrao;Productor pasado - Subterráneo;05-Antioquia;Frontino;Oro-Au;Oro-Au;Veta;Sin_Clasificar;ROCA ÍGNEA PLUTÓNICA;Monzodiorita de La Horqueta;Monzodiorita;Neógeno
184;6.4068;-75.4787;Mina El Encenillal;Productor - Subterráneo;05-Antioquia;Girardota;Oro-Au;Pirita-FeS2;Veta;Otros_depósitos_asociados_a_intrusivos;ROCA METAMÓRFICA;Anfibolitas de Medellín;Anfibolitas;Triásico
185;6.7867;-75.1981;Cañaveral;Ocurrencia;05-Antioquia;Gómez Plata;Antimonio-Sb;Pirita-FeS2;Veta;Epitermal;ROCA ÍGNEA VOLCÁNICA;Basaltos, y lodolitas negras intercaladas con limolitas, arenitas y conglomerados  del Cretácico Inferior;Basalto;Cretácico
186;6.7966;-75.1968;El Oso-Gómez Plata;Productor pasado - Subterráneo;05-Antioquia;Gómez Plata;Oro-Au;Oro-Au;Veta;Otros_depósitos_asociados_a_intrusivos;ROCA ÍGNEA PLUTÓNICA;Batolito Antioqueño;Diorita;Cretácico
187;6.6664;-75.2224;Mina Santa María o Mocorongo;Productor - Subterráneo;05-Antioquia;Gómez Plata;Oro-Au;Pirita-FeS2;Zona de Cizalla;Otros_depósitos_asociados_a_intrusivos;ROCA ÍGNEA PLUTÓNICA;Batolito Antioqueño;Granodioritas;Cretácico
188;6.9028;-75.1752;La Bramadora;Productor pasado - Cielo abierto;05-Antioquia;Guadalupe;Oro-Au;Pirita-FeS2;Veta;Otros_depósitos_asociados_a_intrusivos;ROCA METAMÓRFICA;Esquistos grafíticos, cuarzomoscovíticos, clorític;Esquisto;Triásico
189;6.8114;-75.2359;La Petronila_Guadalupe;Productor pasado - Subterráneo;05-Antioquia;Guadalupe;Oro-Au;Oro-Au;Veta;Otros_depósitos_asociados_a_intrusivos;ROCA ÍGNEA PLUTÓNICA;Batolito Antioqueño;Diorita;Cretácico
190;6.8328;-75.2116;No Indicado_05_0020;Ocurrencia;05-Antioquia;Guadalupe;Cobre-Cu;Pirita-FeS2;Masivo;Volcanogénico;ROCA ÍGNEA PLUTÓNICA;Batolito Antioqueño;Granodioritas;Cretácico
191;6.8328;-75.2116;No Indicado_05_0023;Ocurrencia;05-Antioquia;Guadalupe;Cobre-Cu;Pirita-FeS2;Masivo;Volcanogénico;ROCA ÍGNEA PLUTÓNICA;Batolito Antioqueño;Granodioritas;Cretácico
192;6.8832;-75.2244;San Basilo Abajo;Productor pasado - Subterráneo;05-Antioquia;Guadalupe;Oro-Au;Sin información;Veta;Sin_Clasificar;ROCA ÍGNEA VOLCÁNICA;Basaltos, y lodolitas negras intercaladas con limolitas, arenitas y conglomerados  del Cretácico Inferior;Basalto;Cretácico
193;6.2251;-75.1301;Monserrate;Productor pasado - Subterráneo;05-Antioquia;Guatapé;Oro-Au;Oro-Au;Sin información;Sin_Clasificar;ROCA ÍGNEA PLUTÓNICA;Batolito Antioqueño;Granodioritas;Cretácico
194;7.1943;-75.7735;No Indicado_05_0084;Ocurrencia;05-Antioquia;Ituango;Cobre-Cu;Sin información;Sin información;Sin_Clasificar;ROCA METAMÓRFICA;Grupo Ayurá Montebello;Esquisto;Triásico
195;7.1139;-75.7866;No Indicado_05_0087;Ocurrencia;05-Antioquia;Ituango;Cobre-Cu;Sin información;Sin información;Sin_Clasificar;ROCA ÍGNEA PLUTÓNICA;Batolito de Sabanalarga;Sin información;Sin información
196;7.0931;-75.7869;No Indicado_05_0090;Ocurrencia;05-Antioquia;Ituango;Cobre-Cu;Sin información;Sin información;Sin_Clasificar;ROCA SEDIMENTARIA;Grupo Cañasgordas, Formación Barroso;Sin información;Sin información
197;7.0727;-75.7827;No Indicado_05_0091;Ocurrencia;05-Antioquia;Ituango;Cobre-Cu;Sin información;Sin información;Sin_Clasificar;ROCA SEDIMENTARIA;Grupo Cañasgordas, Formación Barroso;Sin información;Sin información
198;7.1089;-75.7604;No Indicado_05_0096;Ocurrencia;05-Antioquia;Ituango;Cobre-Cu;Sin información;Sin información;Volcanogénico;ROCA METAMÓRFICA;Grupo Ayurá Montebello;Esquisto;Triásico
199;7.1335;-75.7417;Totumo;Prospecto;05-Antioquia;Ituango;Níquel-Ni;Sin información;Sin información;Residual_Oxidado;ROCA ÍGNEA PLUTÓNICA;Sin información;Peridotita;Cretácico
200;5.7361;-75.7741;Quebradona-Isabella;Prospecto;05-Antioquia;Jericó;Oro-Au;Oro-Au;Diseminado;Pórfido;ROCA_ÍGNEA_VOLCANICLÁSTICA;Formación Combia;Basalto;Neógeno
201;5.7217;-75.7308;Quebradona-La Sola;Prospecto;05-Antioquia;Jericó;Oro-Au;Oro-Au;Diseminado;Pórfido;ROCA_ÍGNEA_VOLCANICLÁSTICA;Formación Combia;Basalto;Neógeno
202;5.7452;-75.7377;Quebradona-Nuevo Chaquiro;Prospecto desarrollado;05-Antioquia;Jericó;Cobre-Cu;Calcopirita-CuFeS2;Diseminado;Pórfido;ROCA ÍGNEA VOLCÁNICA;Formación Combia;Basalto;Neógeno
203;6.7655;-75.8524;La Honda;Productor;05-Antioquia;Liborina;Oro-Au;Sin información;Aluvial;Sin información;DEPOSITO ALUVIAL;Sin información;Sin información;Sin información
204;6.6572;-75.8091;Mina;Productor;05-Antioquia;Liborina;Oro-Au;Sin información;Aluvial;Sin información;Sin información;Sin información;Sin información;Sin información
205;6.7937;-75.7423;Mina La Cascada;Productor - Subterráneo;05-Antioquia;Liborina;Oro-Au;Pirita-FeS2;Veta;Sin_Clasificar;ROCA METAMÓRFICA;Grupo Ayurá Montebello;Esquisto;Triásico
206;6.7244;-75.7827;No Indicado_05_0024;Ocurrencia;05-Antioquia;Liborina;Oro-Au;Oro-Au;Veta;Otros_depósitos_asociados_a_intrusivos;ROCA METAMÓRFICA;Grupo Ayurá Montebello;Esquito grafitoso;Triásico
207;6.7853;-75.8213;No Indicado_05_0025;Productor pasado - Subterráneo;05-Antioquia;Liborina;Oro-Au;Oro-Au;Sin información;Epitermal;ROCA ÍGNEA PLUTÓNICA;Batolito de Sabanalarga;Diorita;Cretácico
208;6.7271;-75.85;Tesorero;Productor;05-Antioquia;Liborina;Oro-Au;Sin información;Aluvial;Sin información;DEPOSITO ALUVIAL;Sin información;Sin información;Sin información
209;6.3027;-75.5368;La Gabriela;Prospecto;05-Antioquia;Medellín;Níquel-Ni;Sin información;Sin información;Residual_Oxidado;ROCA ÍGNEA PLUTÓNICA;Dunita de Medellín;Dunita;Triásico
210;6.2722;-75.5329;No Indicado_05_0026;Ocurrencia;05-Antioquia;Medellín;Cromo-Cr;Cromita-Fe+2Cr2O4;Sin información;Asociado_a_magmas_máficos_básicos;ROCA ÍGNEA PLUTÓNICA;Dunita de Medellín;Serpentinita;Triásico
211;6.1952;-75.5223;Sector Sur-Área Patio Bonito-AC-20_P-1;Productor pasado - Cielo abierto;05-Antioquia;Medellín;Cromo-Cr;Cromita-Fe+2Cr2O4;Sin información;Asociado_a_magmas_máficos_básicos;ROCA ÍGNEA PLUTÓNICA;Dunita de Medellín;Serpentinita;Triásico
212;7.2383;-76.4376;No Indicado_05_0027;Ocurrencia;05-Antioquia;Mutatá;Platino-Pt;Platino-Pt;Aluvial;Placer;DEPOSITO ALUVIAL;Depósitos aluviales y de llanuras aluviales del Cuaternario;Conglomerado arenoso;Cuaternario
213;5.5789;-75.1445;Espíritu Santo;Productor pasado - Subterráneo;05-Antioquia;Nariño;Oro-Au;Oro-Au;Diseminado;Pórfido;ROCA_SUBVOLCÁNICA_HIPOABISAL;Pórfidos de Río Dulce;Pórfido Diorítico (Andesítico);Cuaternario
214;5.6131;-75.1075;Santa Rita_Río Dulce;Prospecto;05-Antioquia;Nariño;Oro-Au;Oro-Au;Diseminado;Pórfido;ROCA_SUBVOLCÁNICA_HIPOABISAL;Pórfidos de Río Dulce;Pórfido Diorítico (Andesítico);Cuaternario
215;6.6233;-75.8067;El Caracol;Ocurrencia;05-Antioquia;Olaya;Oro-Au;Sin información;Aluvial;Sin información;DEPOSITO ALUVIAL;Sin información;Sin información;Sin información
216;7.0777;-75.8769;No Indicado_05_0035;Productor pasado - Subterráneo;05-Antioquia;Peque;Oro-Au;Oro-Au;Sin información;Sin_Clasificar;ROCA ÍGNEA VOLCÁNICA;Grupo Cañasgordas;Basalto;Cretácico
217;6.4158;-74.6258;El Vapor;Productor - Subterráneo;05-Antioquia;Puerto Berrío;Oro-Au;Pirita-FeS2;Veta;Otros_depósitos_asociados_a_intrusivos;ROCA SEDIMENTARIA;Conglomerados y cuarzoarenitas que gradan a limoli;Shale;Cretácico
218;6.4527;-74.6299;Mina El Infierno;Productor - Subterráneo;05-Antioquia;Puerto Berrío;Oro-Au;Oro-Au;Veta;Otros_depósitos_asociados_a_intrusivos;ROCA SEDIMENTARIA;Conglomerados y cuarzoarenitas que gradan a limoli;Shale;Cretácico
219;7.052;-74.458;La Gorgona;productor - Subterráneo;05-Antioquia;Remedios;Oro-Au;Oro-Au;Veta;Otros_depósitos_asociados_a_intrusivos;ROCA ÍGNEA PLUTÓNICA;Batolito de Segovia;Granodioritas;Jurásico
220;7.0442;-74.7721;La Parcela;Productor - Subterráneo;05-Antioquia;Remedios;Oro-Au;Sin información;Veta;Otros_depósitos_asociados_a_intrusivos;ROCA ÍGNEA PLUTÓNICA;Batolito de Segovia;Granodioritas;Jurásico
221;7.0808;-74.7322;Mina La Fortuna;Productor pasado - Subterráneo;05-Antioquia;Remedios;Oro-Au;Pirita-FeS2;Veta;Otros_depósitos_asociados_a_intrusivos;ROCA ÍGNEA PLUTÓNICA;Batolito de Segovia;Granodioritas;Jurásico
222;6.9248;-74.741;Mina Los Indios;Productor - Subterráneo;05-Antioquia;Remedios;Oro-Au;Pirita-FeS2;Veta;Otros_depósitos_asociados_a_intrusivos;ROCA ÍGNEA PLUTÓNICA;Tonalitas y granitos del Cretácico Inferior;Tonalitas;Cretácico
223;7.0617;-74.6951;Mina Providencia;Productor - Subterráneo;05-Antioquia;Remedios;Oro-Au;Pirita-FeS2;Veta;Otros_depósitos_asociados_a_intrusivos;ROCA ÍGNEA PLUTÓNICA;Batolito de Segovia;Granodioritas;Jurásico
224;6.9173;-74.7265;Mina Quintana;Productor - Subterráneo;05-Antioquia;Remedios;Oro-Au;Galena-PbS;Veta;Otros_depósitos_asociados_a_intrusivos;ROCA ÍGNEA PLUTÓNICA;Sin información;Granodioritas;Cretácico
225;7.0436;-74.7348;Mna Monteverde;Productor - Subterráneo;05-Antioquia;Remedios;Oro-Au;Sin información;Veta;Otros_depósitos_asociados_a_intrusivos;ROCA ÍGNEA PLUTÓNICA;Batolito de Segovia;Granodioritas;Jurásico
226;7.0395;-74.8006;San Mateo;Productor - Subterráneo;05-Antioquia;Remedios;Oro-Au;Sin información;Veta;Otros_depósitos_asociados_a_intrusivos;ROCA ÍGNEA PLUTÓNICA;Batolito de Segovia;Granodioritas;Jurásico
227;6.1562;-75.4888;No Indicado_05_0036;Ocurrencia;05-Antioquia;Retiro;Cromo-Cr;Sin información;Sin información;Asociado_a_magmas_máficos_básicos;ROCA ÍGNEA PLUTÓNICA;Dunita de Medellín;Dunita;Triásico
228;6.1769;-75.508;Sector Sur-Área El Carmelo- C-1;Productor pasado - Cielo abierto;05-Antioquia;Retiro;Cromo-Cr;Cromita-Fe+2Cr2O4;Sin información;Asociado_a_magmas_máficos_básicos;ROCA ÍGNEA PLUTÓNICA;Dunita de Medellín;Serpentinita;Triásico
229;6.1541;-75.5026;Sector Sur-Área El Chagualo-CH-1;Productor pasado - Cielo abierto;05-Antioquia;Retiro;Cromo-Cr;Cromita-Fe+2Cr2O4;Sin información;Asociado_a_magmas_máficos_básicos;ROCA ÍGNEA PLUTÓNICA;Dunita de Medellín;Serpentinita;Triásico
230;6.9165;-75.7607;Mina Manteñe;Productor - Subterráneo;05-Antioquia;Sabanalarga;Oro-Au;Pirita-FeS2;Veta;Sin_Clasificar;ROCA ÍGNEA VOLCÁNICA;Batolito de Sabanalarga;Sin información;Sin información
231;6.7135;-75.8211;No Indicado_05_0063;Productor - Subterráneo;05-Antioquia;Sabanalarga;Oro-Au;Pirita-FeS2;Veta;Sin_Clasificar;ROCA METAMÓRFICA;Grupo Ayurá Montebello;Esquisto;Triásico
232;6.1527;-75.029;La Tupiada;Productor pasado - Subterráneo;05-Antioquia;San Carlos;Oro-Au;Pirita-FeS2;Veta;Otros_depósitos_asociados_a_intrusivos;ROCA ÍGNEA PLUTÓNICA;Batolito Antioqueño;Granodioritas;Cretácico
233;6.1649;-75.0802;MIna Sagrado Corazón de María;Productor - Subterráneo;05-Antioquia;San Carlos;Oro-Au;Pirita-FeS2;Veta;Sin_Clasificar;ROCA ÍGNEA PLUTÓNICA;Batolito Antioqueño;Tonalita;Cretácico
234;6.1463;-75.0013;San Miguel 1;Productor pasado - Subterráneo;05-Antioquia;San Carlos;Oro-Au;Oro-Au;Sin información;Sin_Clasificar;ROCA ÍGNEA PLUTÓNICA;Batolito Antioqueño;Granodioritas;Cretácico
235;6.0212;-75.019;La Primavera 1;Productor pasado - Subterráneo;05-Antioquia;San Luis;Oro-Au;Oro-Au;Sin información;Sin_Clasificar;ROCA ÍGNEA PLUTÓNICA;Batolito Antioqueño;Granodioritas;Cretácico
236;6.0914;-75.0587;MIna El Higuerón;Productor - Subterráneo;05-Antioquia;San Luis;Oro-Au;Pirita-FeS2;Veta;Otros_depósitos_asociados_a_intrusivos;ROCA ÍGNEA PLUTÓNICA;Batolito Antioqueño;Tonalita;Cretácico
237;5.9686;-74.9534;Mina La Mesa;Productor - Subterráneo;05-Antioquia;San Luis;Oro-Au;Pirita-FeS2;Veta;Otros_depósitos_asociados_a_intrusivos;ROCA SEDIMENTARIA;Conglomerados y cuarzoarenitas que gradan a limolitas y lodolitas oscuras con intercalaciones de arenitas y conglomerados;Cuarzo arenita;Cretácico
238;6.5088;-74.9136;Gramalote;Prospecto desarrollado;05-Antioquia;San Roque;Oro-Au;Oro-Au;Veta;Otros_depósitos_asociados_a_intrusivos;ROCA ÍGNEA PLUTÓNICA;Batolito Antioqueño;Tonalita;Paleógeno
239;6.4636;-75.9092;No Indicado_05_0069;Ocurrencia;05-Antioquia;Santa Fe de Antioquia;Oro-Au;Pirita-FeS2;Diseminado;Sin_Clasificar;ROCA SEDIMENTARIA;Grupo Cañasgordas, Formación Barroso;Sin información;Sin información
240;6.6245;-75.8928;No Indicado_05_0101;Productor;05-Antioquia;Santa Fé de Antioquia;Oro-Au;Pirita-FeS2;Veta;Sin información;Sin información;Sin información;Sin información;Sin información
241;6.5488;-75.811;Santa Fé de Antioquia;Prospecto desarrollado;05-Antioquia;Santa Fé de Antioquia;Oro-Au;Sin información;Aluvial;Sin información;Sin información;Sin información;Sin información;Sin información
242;6.6308;-75.4155;Mina San Miguel;Productor - Subterráneo;05-Antioquia;Santa Rosa de Osos;Oro-Au;Sin información;Veta;Otros_depósitos_asociados_a_intrusivos;ROCA ÍGNEA PLUTÓNICA;Batolito Antioqueño;Granodioritas;Cretácico
243;6.6116;-75.3703;Mina San Ramón;Productor - Subterráneo;05-Antioquia;Santa Rosa de Osos;Oro-Au;Pirita-FeS2;Zona de Cizalla;Otros_depósitos_asociados_a_intrusivos;ROCA ÍGNEA PLUTÓNICA;Batolito Antioqueño;Granodioritas;Cretácico
244;6.5328;-75.1308;Mina Guaico;Productor - Subterráneo;05-Antioquia;Santo Domingo;Oro-Au;Pirita-FeS2;Veta;Otros_depósitos_asociados_a_intrusivos;ROCA ÍGNEA PLUTÓNICA;Batolito Antioqueño;Granodioritas;Paleógeno
245;7.2445;-74.6894;El Picacho;Prospecto;05-Antioquia;Segovia;Oro-Au;Sílice-SiO2;Stockwork;Pórfido;ROCA_SUBVOLCÁNICA_HIPOABISAL;Batolito de Segovia;Granodioritas;Jurásico
246;7.253;-74.8239;La Aurora;Productor - Subterráneo;05-Antioquia;Segovia;Oro-Au;Pirita-FeS2;Veta;Epitermal;ROCA METAMÓRFICA;"Gneises cuarzofeldespáticos algunos con sillimanita, cordierita y hornblenda; anfibolitas; migmatitas; esquistos, y mármoles  del Triásico";Gneis;Triásico
247;7.2908;-74.8409;Mina El Cristo;Productor - Subterráneo;05-Antioquia;Segovia;Oro-Au;Pirita-FeS2;Veta;Orogénico;ROCA METAMÓRFICA;"Gneises cuarzofeldespáticos algunos con sillimanita, cordierita y hornblenda; anfibolitas; migmatitas; esquistos, y mármoles  del Triásico";Gneis;Triásico
248;7.2499;-74.7082;Mina El Pescado;Productor - Cielo abierto;05-Antioquia;Segovia;Oro-Au;Pirita-FeS2;Veta;Orogénico;ROCA ÍGNEA PLUTÓNICA;Batolito de Segovia;Granodioritas;Jurásico
249;7.083;-74.709;Mina El Silencio;Productor - Subterráneo;05-Antioquia;Segovia;Oro-Au;Oro-Au;Veta;Otros_depósitos_asociados_a_intrusivos;ROCA ÍGNEA PLUTÓNICA;Batolito de Segovia;Granodioritas;Cretácico
250;7.0859;-74.6875;Mina Sandra K;Productor - Subterráneo;05-Antioquia;Segovia;Oro-Au;Oro-Au;Veta;Otros_depósitos_asociados_a_intrusivos;ROCA ÍGNEA PLUTÓNICA;Batolito de Segovia;Granodioritas;Jurásico
251;5.7558;-75.2633;No Indicado_05_0042;Ocurrencia;05-Antioquia;Sonsón;Oro-Au;Oro-Au;Sin información;Sin_Clasificar;ROCA ÍGNEA PLUTÓNICA;Batolito de Sonsón;Tonalita;Paleógeno
252;5.6997;-75.2019;No Indicado_05_0043;Productor pasado - Subterráneo;05-Antioquia;Sonsón;Oro-Au;Oro-Au;Veta;Otros_depósitos_asociados_a_intrusivos;ROCA ÍGNEA PLUTÓNICA;Batolito de Sonsón;Granito;Paleógeno
253;5.7727;-75.3246;No Indicado_05_0047;Productor pasado - Cielo abierto;05-Antioquia;Sonsón;Oro-Au;Oro-Au;Veta;Otros_depósitos_asociados_a_intrusivos;ROCA METAMÓRFICA;Complejo Cajamarca;Esquisto;Triásico
254;5.7058;-75.2699;No Indicado_05_0048;Productor pasado - Subterráneo;05-Antioquia;Sonsón;Oro-Au;Oro-Au;Veta;Otros_depósitos_asociados_a_intrusivos;ROCA ÍGNEA PLUTÓNICA;Batolito de Sonsón;Granito;Paleógeno
255;5.7237;-75.1214;San Andrés;Productor pasado - Subterráneo;05-Antioquia;Sonsón;Oro-Au;Oro-Au;Sin información;Sin_Clasificar;ROCA ÍGNEA PLUTÓNICA;Batolito de Sonsón;Tonalita;Paleógeno
256;5.7752;-75.1202;San Andrés 2;Productor pasado - Subterráneo;05-Antioquia;Sonsón;Oro-Au;Oro-Au;Sin información;Sin_Clasificar;ROCA ÍGNEA PLUTÓNICA;Batolito de Sonsón;Tonalita;Paleógeno
257;5.7072;-75.1733;Siglo XX;Productor pasado - Subterráneo;05-Antioquia;Sonsón;Oro-Au;Oro-Au;Sin información;Sin_Clasificar;ROCA ÍGNEA PLUTÓNICA;Batolito de Sonsón;Tonalita;Paleógeno
258;5.7167;-74.8178;Sonsón- San Miguel-Limones;Productor - Cielo abierto;05-Antioquia;Sonsón;Oro-Au;Oro-Au;Aluvial;Placer;ROCA METAMÓRFICA;Complejo Cajamarca;Esquisto;Triásico
259;6.0633;-75.8108;Cerro Vetas;Prospecto desarrollado;05-Antioquia;Titiribí;Oro-Au;Oro-Au;Diseminado;Pórfido;ROCA_SUBVOLCÁNICA_HIPOABISAL;Pórfidos dioríticos, granodioríticos y tonalíticos;Pórfido Diorítico (Andesítico);Neógeno
260;6.0357;-75.806;Margarita;Prospecto;05-Antioquia;Titiribí;Oro-Au;Oro-Au;Stockwork;Pórfido;ROCA_SUBVOLCÁNICA_HIPOABISAL;Pórfidos dioríticos, granodioríticos y tonalíticos;Pórfido Diorítico (Andesítico);Neógeno
261;6.0875;-75.7949;Mina El Zancudo;Productor - Subterráneo;05-Antioquia;Titiribí;Oro-Au;Oro-Au;Veta;Epitermal;ROCA METAMÓRFICA;Complejo Arquía;Esquisto;Cretácico
262;6.038;-75.7793;Rosa;Prospecto;05-Antioquia;Titiribí;Oro-Au;Oro-Au;Stockwork;Pórfido;ROCA_SUBVOLCÁNICA_HIPOABISAL;Pórfidos dioríticos, granodioríticos y tonalíticos;Pórfido Diorítico (Andesítico);Neógeno
263;6.9356;-76.1754;No Indicado_05_0129;Ocurrencia;05-Antioquia;Uramita;Cobre-Cu;Cobre-Cu;Sin información;Sin_Clasificar;ROCA SEDIMENTARIA;Complejo Cañasgordas;Calizas;Cretácico
264;6.9112;-76.2195;No Indicado_05_0132;Ocurrencia;05-Antioquia;Uramita;Cobre-Cu;Cobre-Cu;Sin información;Sin_Clasificar;ROCA SEDIMENTARIA;Complejo Cañasgordas;Calizas;Cretácico
265;6.3204;-76.3294;No Indicado_05_0050;Ocurrencia;05-Antioquia;Urrao;Platino-Pt;Platino-Pt;Aluvial;Placer;DEPOSITO ALUVIAL;Depósitos aluviales y de llanuras aluviales del Cuaternario;Conglomerado arenoso;Cuaternario
266;6.3984;-76.332;No Indicado_05_0052;Ocurrencia;05-Antioquia;Urrao;Platino-Pt;Platino-Pt;Aluvial;Placer;DEPOSITO ALUVIAL;Depósitos aluviales y de llanuras aluviales del Cuaternario;Conglomerado arenoso;Cuaternario
267;6.4683;-76.3518;No Indicado_05_0053;Ocurrencia;05-Antioquia;Urrao;Platino-Pt;Platino-Pt;Aluvial;Placer;DEPOSITO ALUVIAL;Depósitos aluviales y de llanuras aluviales del Cuaternario;Conglomerado arenoso;Cuaternario
268;6.4704;-76.4763;No Indicado_05_0054;Ocurrencia;05-Antioquia;Urrao;Platino-Pt;Platino-Pt;Aluvial;Placer;DEPOSITO ALUVIAL;Depósitos aluviales y de llanuras aluviales del Cuaternario;Conglomerado arenoso;Cuaternario
269;6.5209;-76.502;No Indicado_05_0055;Ocurrencia;05-Antioquia;Urrao;Platino-Pt;Platino-Pt;Aluvial;Placer;DEPOSITO ALUVIAL;Depósitos aluviales y de llanuras aluviales del Cuaternario;Conglomerado arenoso;Cuaternario
270;6.554;-76.3498;No Indicado_05_0056;Ocurrencia;05-Antioquia;Urrao;Platino-Pt;Platino-Pt;Aluvial;Placer;DEPOSITO ALUVIAL;Depósitos aluviales y de llanuras aluviales del Cuaternario;Conglomerado arenoso;Cuaternario
271;6.4466;-76.2508;No Indicado_05_0073;Ocurrencia;05-Antioquia;Urrao;Oro-Au;Pirita-FeS2;Veta;Sin_Clasificar;ROCA ÍGNEA PLUTÓNICA;Diorita del Río San Juan;Sin información;Sin información
272;6.4236;-76.3769;Urrao;Prospecto;05-Antioquia;Urrao;Cobre-Cu;Sin información;Sin información;Pórfido;DESCONOCIDA;Sin información;Sin información;Sin información
273;6.8832;-74.6456;La Picadera;Productor - Cielo abierto;05-Antioquia;Vegachí;Oro-Au;Oro-Au;Aluvial;Placer;ROCA ÍGNEA PLUTÓNICA;Batolito de Segovia;Granodioritas;Jurásico
274;6.8809;-74.7585;Moná;Productor - Subterráneo;05-Antioquia;Vegachí;Oro-Au;Pirita-FeS2;Veta;Orogénico;ROCA METAMÓRFICA;"Gneises cuarzofeldespáticos algunos con sillimanita, cordierita y hornblenda; anfibolitas; migmatitas; esquistos, y mármoles  del Triásico";Gneis;Triásico
275;6.6509;-74.8933;Matatus 2;Productor pasado - Subterráneo;05-Antioquia;Yalí;Oro-Au;Oro-Au;Veta;Sin_Clasificar;ROCA ÍGNEA PLUTÓNICA;Batolito Antioqueño;Granodioritas;Cretácico
276;6.6802;-74.8949;Mina Gato Negro;Productor - Subterráneo;05-Antioquia;Yalí;Oro-Au;Pirita-FeS2;Veta;Otros_depósitos_asociados_a_intrusivos;ROCA ÍGNEA PLUTÓNICA;Batolito Antioqueño;Granodioritas;Cretácico
277;6.6737;-74.8738;Mina La Maraña;Productor pasado - Subterráneo;05-Antioquia;Yalí;Oro-Au;Pirita-FeS2;Veta;Epitermal;ROCA ÍGNEA PLUTÓNICA;Batolito Antioqueño;Granodioritas;Cretácico
278;6.7003;-74.8508;Yalí;Productor pasado - Subterráneo;05-Antioquia;Yalí;Oro-Au;Oro-Au;Veta;Sin_Clasificar;ROCA ÍGNEA PLUTÓNICA;Batolito Antioqueño;Granodioritas;Cretácico
280;7.5286;-74.8049;Mina El Carmen;Productor - Subterráneo;05-Antioquia;Zaragoza;Oro-Au;Oro-Au;Veta;Otros_depósitos_asociados_a_intrusivos;ROCA ÍGNEA PLUTÓNICA;Stock de El Carmen;Tonalita;Carbonífero
281;7.4491;-74.8632;Mina El Limón;Productor - Subterráneo;05-Antioquia;Zaragoza;Oro-Au;Oro-Au;Veta;Otros_depósitos_asociados_a_intrusivos;ROCA METAMÓRFICA;"Gneises cuarzofeldespáticos algunos con sillimanita, cordierita y hornblenda; anfibolitas; migmatitas; esquistos, y mármoles  del Triásico";Gneis;Triásico
282;7.3136;-74.8452;Mina El Zancudo;Productor - Subterráneo;05-Antioquia;Zaragoza;Oro-Au;Pirita-FeS2;Veta;Orogénico;ROCA METAMÓRFICA;Complejo Cajamarca;Esquisto;Triásico
283;7.566;-74.819;Mina La Ye;Productor - Subterráneo;05-Antioquia;Zaragoza;Oro-Au;Pirita-FeS2;Veta;Otros_depósitos_asociados_a_intrusivos;ROCA ÍGNEA PLUTÓNICA;Stock de El Carmen;Tonalita;Pérmico
284;7.4528;-74.8078;Mina Oro Verde;Productor - Subterráneo;05-Antioquia;Zaragoza;Oro-Au;Pirita-FeS2;Veta;Otros_depósitos_asociados_a_intrusivos;ROCA ÍGNEA PLUTÓNICA;Stock de El Carmen;Diorita;Carbonífero
285;8.1869;-74.318;San Luquitas;productor - Subterráneo;13-Bolívar;Arenal;Oro-Au;Oro-Au;Veta;Otros_depósitos_asociados_a_intrusivos;ROCA ÍGNEA PLUTÓNICA;Batolito de Segovia;Granodioritas;Jurásico
286;8.252;-74.2976;San Pedro Frio;productor - Subterráneo;13-Bolívar;Arenal;Oro-Au;Oro-Au;Veta;Otros_depósitos_asociados_a_intrusivos;ROCA ÍGNEA PLUTÓNICA;Batolito de Segovia;Granodioritas;Jurásico
287;8.6699;-74.0807;Chungua;Prospecto;13-Bolívar;Barranco De Loba;Oro-Au;Oro-Au;Veta;Epitermal;ROCA METAMÓRFICA;Gneis de San Lucas;Gneis;Steniano
288;8.6751;-74.0505;Nuvia;Prospecto;13-Bolívar;Barranco De Loba;Oro-Au;Oro-Au;Veta;Epitermal;ROCA METAMÓRFICA;Gneis de San Lucas;Gneis;Steniano
289;7.9761;-74.3755;El Golfo;productor - Subterráneo;13-Bolívar;Montecristo;Oro-Au;Oro-Au;Brecha;Pórfido;ROCA ÍGNEA PLUTÓNICA;Batolito de Segovia;Granodioritas;Jurásico
290;7.6653;-74.4701;Filón Ventarrón;Productor - Subterráneo;13-Bolívar;Montecristo;Oro-Au;Pirita-FeS2;Veta;Epitermal;ROCA METAMÓRFICA;Gneis de San Lucas;Gneis;Steniano
291;7.8625;-74.3908;La Fortuna;productor - Subterráneo;13-Bolívar;Montecristo;Oro-Au;Oro-Au;Veta;Otros_depósitos_asociados_a_intrusivos;ROCA ÍGNEA PLUTÓNICA;Batolito de Segovia;Granodioritas;Jurásico
292;7.737;-74.4827;Mina Paraíso de Dios;Productor - Subterráneo;13-Bolívar;Montecristo;Oro-Au;Sin información;Veta;Epitermal;ROCA METAMÓRFICA;Gneis de San Lucas;Gneis;Steniano
293;7.8242;-74.3972;Mina Pepo;productor - Subterráneo;13-Bolívar;Montecristo;Oro-Au;Oro-Au;Brecha;Pórfido;ROCA ÍGNEA PLUTÓNICA;Batolito de Segovia;Granodioritas;Jurásico
294;7.691;-74.4756;Mina Veta;Productor - Subterráneo;13-Bolívar;Montecristo;Oro-Au;Sin información;Veta;Epitermal;ROCA METAMÓRFICA;Gneis de San Lucas;Gneis;Steniano
295;7.9174;-74.3806;Mina Walter;productor - Subterráneo;13-Bolívar;Montecristo;Oro-Au;Oro-Au;Veta;Otros_depósitos_asociados_a_intrusivos;ROCA ÍGNEA PLUTÓNICA;Batolito de Segovia;Granodioritas;Jurásico
296;8.0646;-74.5474;Villa Uribe_1;Productor - Cielo abierto;13-Bolívar;Montecristo;Oro-Au;Oro-Au;Aluvial;Placer;ROCA METAMÓRFICA;Gneis de San Lucas;Gneis;Sin información
297;8.0784;-74.4134;Villa Uribe_10;Productor - Cielo abierto;13-Bolívar;Montecristo;Oro-Au;Oro-Au;Aluvial;Placer;ROCA METAMÓRFICA;Gneis de San Lucas;Gneis;Sin información
298;8.1088;-74.3928;Villa Uribe_11;Productor - Cielo abierto;13-Bolívar;Montecristo;Oro-Au;Oro-Au;Aluvial;Placer;ROCA METAMÓRFICA;Gneis de San Lucas;Gneis;Sin información
299;7.9652;-74.477;Villa Uribe_2;Productor - Cielo abierto;13-Bolívar;Montecristo;Oro-Au;Oro-Au;Aluvial;Placer;ROCA METAMÓRFICA;Gneis de San Lucas;Gneis;Sin información
300;8.0052;-74.4942;Villa Uribe_5;Productor - Cielo abierto;13-Bolívar;Montecristo;Oro-Au;Oro-Au;Aluvial;Placer;ROCA METAMÓRFICA;Gneis de San Lucas;Gneis;Sin información
301;8.0736;-74.5033;Villa Uribe_8;Productor - Cielo abierto;13-Bolívar;Montecristo;Oro-Au;Oro-Au;Aluvial;Placer;ROCA METAMÓRFICA;Gneis de San Lucas;Gneis;Sin información
302;8.4146;-74.2359;Casa de Barro;Prospecto;13-Bolívar;Norosi;Oro-Au;Oro-Au;Veta;Otros_depósitos_asociados_a_intrusivos;ROCA ÍGNEA PLUTÓNICA;Granodioritas que varían de sienogranitos a tonali;Granodioritas;Jurásico
303;8.7087;-74.1922;Mina la Esperanza;Productor - Subterráneo;13-Bolívar;Norosi;Oro-Au;Oro-Au;Veta;Epitermal;ROCA_ÍGNEA_VOLCANICLÁSTICA;Formación Noreán;Toba lítica (clasf. composición fragmental);Jurásico
304;8.5469;-74.0957;Mina Patefoca_Ancha;Productor - Subterráneo;13-Bolívar;Norosi;Oro-Au;Pirita-FeS2;Veta;Epitermal;ROCA_ÍGNEA_VOLCANICLÁSTICA;Formación Noreán;Toba;Jurásico
305;8.4755;-74.226;Mina Seca;Prospecto;13-Bolívar;Norosi;Oro-Au;Oro-Au;Veta;Otros_depósitos_asociados_a_intrusivos;ROCA_ÍGNEA_VOLCANICLÁSTICA;Formación Noreán;Lava;Jurásico
306;8.5316;-74.0332;Caño Hondo;productor - Subterráneo;13-Bolívar;Rio Viejo;Oro-Au;Oro-Au;Veta;Epitermal;ROCA_ÍGNEA_VOLCANICLÁSTICA;Formación Noreán;Arenitas;Jurásico
307;8.4818;-74.1673;Mina Brisa;productor - Subterráneo;13-Bolívar;Rio Viejo;Oro-Au;Oro-Au;Veta;Otros_depósitos_asociados_a_intrusivos;ROCA_ÍGNEA_VOLCANICLÁSTICA;Formación Noreán;Sin información;Jurásico
308;8.296;-74.3011;Caño Hondo_1;Productor - Cielo abierto;13-Bolívar;Rioviejo;Oro-Au;Oro-Au;Aluvial;Placer;ROCA ÍGNEA PLUTÓNICA;Batolito de Segovia;Granodioritas;Jurásico
309;8.3197;-74.2577;Caño Hondo_3;Productor - Cielo abierto;13-Bolívar;Rioviejo;Oro-Au;Oro-Au;Aluvial;Placer;ROCA ÍGNEA PLUTÓNICA;Batolito de Segovia;Granodioritas;Jurásico
310;8.2727;-74.3238;Caño Hondo_4;Productor - Cielo abierto;13-Bolívar;Rioviejo;Oro-Au;Oro-Au;Aluvial;Placer;ROCA ÍGNEA PLUTÓNICA;Batolito de Segovia;Granodioritas;Jurásico
311;8.6036;-74.1163;Culoalzao;Prospecto;13-Bolívar;Rioviejo;Oro-Au;Oro-Au;Veta;Pórfido;ROCA METAMÓRFICA;Gneis de San Lucas;Gneis;Estatheriano
312;8.6378;-74.0921;La Cabaña;Productor pasado - Cielo abierto;13-Bolívar;San Martín De Loba;Oro-Au;Oro-Au;Diseminado;Otros_depósitos_asociados_a_intrusivos;ROCA METAMÓRFICA;Gneis de San Lucas;Gneis;Steniano
313;8.687;-74.0712;Mina Curva;Productor - Subterráneo;13-Bolívar;San Martín De Loba;Oro-Au;Oro-Au;Veta;Epitermal;ROCA_ÍGNEA_VOLCANICLÁSTICA;Formación Noreán;Toba lítica (clasf. composición fragmental);Jurásico
314;8.8747;-74.0294;Mina El Prodigio;Productor - Subterráneo;13-Bolívar;San Martín de Loba;Oro-Au;Pirita-FeS2;Veta;Sin_Clasificar;ROCA ÍGNEA PLUTÓNICA;Granitoides de San Lucas;Granodioritas;Jurásico
315;8.9144;-74.0977;Mina La Bendicion de Dios;Productor - Subterráneo;13-Bolívar;San Martín De Loba;Oro-Au;Oro-Au;Veta;Epitermal;ROCA ÍGNEA PLUTÓNICA;Granitoides de San Lucas;Monzonita;Jurásico
316;8.807;-74.073;Mina Pozo Rico;Productor - Subterráneo;13-Bolívar;San Martín De Loba;Oro-Au;Oro-Au;Veta;Epitermal;ROCA ÍGNEA PLUTÓNICA;Granitoides de San Lucas;Monzonita;Jurásico
317;8.7377;-74.0788;Proyecto Mejía;Prospecto;13-Bolívar;San Martín De Loba;Oro-Au;Pirita-FeS2;Veta;Otros_depósitos_asociados_a_intrusivos;ROCA ÍGNEA PLUTÓNICA;Granitoides de San Lucas;Granodioritas;Jurásico
318;8.6785;-73.9374;Doña Juana;productor - Subterráneo;13-Bolívar;San Martin de Loba;Oro-Au;Oro-Au;Veta;Epitermal;ROCA_ÍGNEA_VOLCANICLÁSTICA;Formación Noreán;Sin información;Jurásico
319;8.713;-73.9425;El Piñal;productor - Subterráneo;13-Bolívar;San Martin de Loba;Oro-Au;Oro-Au;Veta;Epitermal;ROCA_ÍGNEA_VOLCANICLÁSTICA;Formación Noreán;Sin información;Jurásico
320;8.6555;-74.1175;La Cabaña;productor - Subterráneo;13-Bolívar;San Martin de Loba;Oro-Au;Oro-Au;Veta;Epitermal;ROCA METAMÓRFICA;Gneis de San Lucas;Gneis;Tónico
321;8.7002;-74.0907;Pueblito Mejia;productor - Subterráneo;13-Bolívar;San Martin de Loba;Oro-Au;Oro-Au;Veta;Epitermal;ROCA_ÍGNEA_VOLCANICLÁSTICA;Formación Noreán;Sin información;Jurásico
322;8.9492;-74.0294;San Martin de Loba;productor - Subterráneo;13-Bolívar;San Martin de Loba;Oro-Au;Oro-Au;Veta;Otros_depósitos_asociados_a_intrusivos;ROCA ÍGNEA PLUTÓNICA;Granitoides de San Lucas;Granodioritas;Jurásico
323;7.8548;-74.1622;Cerro Pelado;productor - Subterráneo;13-Bolívar;Santa Rosa del Sur;Oro-Au;Oro-Au;Veta;Epitermal;ROCA_ÍGNEA_VOLCANICLÁSTICA;Formación Noreán;Sin información;Jurásico
324;8.0349;-74.1469;El Carmen;productor - Subterráneo;13-Bolívar;Santa Rosa del Sur;Oro-Au;Oro-Au;Veta;Epitermal;Sin información;Formación Noreán;Sin información;Jurásico
325;7.6543;-74.4482;La Marisosa;productor - Subterráneo;13-Bolívar;Santa Rosa del Sur;Oro-Au;Oro-Au;Veta;Otros_depósitos_asociados_a_intrusivos;ROCA ÍGNEA PLUTÓNICA;Batolito de Segovia;Granodioritas;Jurásico
326;7.597;-74.4485;Marisosa_1;Ocurrencia;13-Bolívar;Santa Rosa Del Sur;Oro-Au;Pirita-FeS2;Veta;Epitermal;ROCA ÍGNEA PLUTÓNICA;Batolito de Segovia;Granodioritas;Jurásico
327;7.6162;-74.4271;Mina Bola Chelo;Ocurrencia;13-Bolívar;Santa Rosa Del Sur;Oro-Au;Pirita-FeS2;Veta;Epitermal;ROCA ÍGNEA PLUTÓNICA;Batolito de Segovia;Granodioritas;Jurásico
328;8.515;-74.1737;Cerro el Oso;productor - Subterráneo;13-Bolívar;Tiquisio;Oro-Au;Oro-Au;Brecha;Otros_depósitos_asociados_a_intrusivos;ROCA_ÍGNEA_VOLCANICLÁSTICA;Formación Noreán;Sin información;Jurásico
329;8.3937;-74.3512;El Avión;productor - Subterráneo;13-Bolívar;Tiquisio;Oro-Au;Oro-Au;Veta;Otros_depósitos_asociados_a_intrusivos;ROCA_ÍGNEA_VOLCANICLÁSTICA;Formación Noreán;Arenitas;Jurásico
330;8.3656;-74.3857;Hedionda;productor - Subterráneo;13-Bolívar;Tiquisio;Oro-Au;Oro-Au;Veta;Otros_depósitos_asociados_a_intrusivos;ROCA_ÍGNEA_VOLCANICLÁSTICA;Formación Noreán;Sin información;Jurásico
331;8.4652;-74.2567;Las Nieves;productor - Subterráneo;13-Bolívar;Tiquisio;Oro-Au;Oro-Au;Veta;Otros_depósitos_asociados_a_intrusivos;ROCA_ÍGNEA_VOLCANICLÁSTICA;Formación Noreán;Sin información;Jurásico
332;8.3209;-74.3678;Toribio;productor - Subterráneo;13-Bolívar;Tiquisio;Oro-Au;Oro-Au;Veta;Otros_depósitos_asociados_a_intrusivos;ROCA_ÍGNEA_VOLCANICLÁSTICA;Formación Noreán;Sin información;Jurásico
333;8.4399;-74.2434;Mina Brinca;Productor - Subterráneo;13-Bolívar;Tiquisio (Puerto Rico);Oro-Au;Oro-Au;Veta;Epitermal;ROCA ÍGNEA PLUTÓNICA;Batolito de Segovia;Monzonita;Jurásico
334;8.4146;-74.2534;Mina Rechimba;Productor - Subterráneo;13-Bolívar;Tiquisio (Puerto Rico);Oro-Au;Oro-Au;Veta;Epitermal;ROCA ÍGNEA PLUTÓNICA;Batolito de Segovia;Monzonita;Jurásico
335;5.5622;-75.5574;Ancal;Ocurrencia;17-Caldas;Aguadas;Oro-Au;Oro-Au;Stockwork;Pórfido;ROCA METAMÓRFICA;Sin información;Anfibolita;Cretácico
336;5.5816;-75.5252;La Armenia;Prospecto;17-Caldas;Aguadas;Plata-Ag;Plata-Ag;Veta;Epitermal;ROCA ÍGNEA PLUTÓNICA;Stock de Quebrada Pácora;Granodioritas;Triásico
337;5.5602;-75.3674;La Grilla;Productor - Cielo abierto;17-Caldas;Aguadas;Arcilla_Caolinita;Arcilla-Al2O3·2SiO2·H2O;Estratiforme;Minerales_Industriales;ROCA SEDIMENTARIA;Formación Abejorral;Conglomerado;Cretácico
338;5.702;-75.5849;La María;Ocurrencia;17-Caldas;Aguadas;Grafito-C;Grafito-C;Diseminado;Sin_Clasificar;ROCA ÍGNEA PLUTÓNICA;Stock de Cambumbia;Granodioritas;Sin información
339;5.4846;-75.3497;La Palma_2;Productor pasado - Subterráneo;17-Caldas;Aguadas;Oro-Au;Galena-PbS;Veta;Epitermal;ROCA ÍGNEA PLUTÓNICA;Batolito de Sonsón;Tonalita;Paleógeno
340;5.7173;-75.5787;No Indicado_17_0008;Ocurrencia;17-Caldas;Aguadas;Oro-Au;Pirrotita-Fe1-xS;Veta;Sin_Clasificar;ROCA ÍGNEA PLUTÓNICA;Stock de Cambumbia;Sin información;Sin información
341;5.5485;-75.3928;Rafaela;Productor - Cielo abierto;17-Caldas;Aguadas;Arcilla_Caolinita;Arcilla-Al2O3·2SiO2·H2O;Estratiforme;Minerales_Industriales;ROCA SEDIMENTARIA;Formación Abejorral;Conglomerado;Cretácico
342;5.1847;-75.6983;Alejandría;Ocurrencia;17-Caldas;Anserma;Oro-Au;Oro-Au;Veta;Epitermal;ROCA SEDIMENTARIA;Formación Irra-Tres Puertas;Arenitas;Paleógeno
343;5.2474;-75.6997;Concharí_1;Ocurrencia;17-Caldas;Anserma;Oro-Au;Oro-Au;Veta;Epitermal;ROCA ÍGNEA PLUTÓNICA;Stock de Irra;Monzonita;Cretácico
344;5.2347;-75.7664;Concherí;Ocurrencia;17-Caldas;Anserma;Molibdeno-Mo;Molibdenita-MoS2;Stockwork;Pórfido;ROCA ÍGNEA VOLCÁNICA;Formación Barroso;Basalto;Cretácico
345;5.2401;-75.7226;El Tascón;Productor pasado - Subterráneo;17-Caldas;Anserma;Cobre-Cu;Bornita-Cu5FeS4;Veta;Otros_depósitos_asociados_a_intrusivos;ROCA ÍGNEA PLUTÓNICA;Stock de Irra;Monzonita;Cretácico
346;5.2024;-75.703;La India;Ocurrencia;17-Caldas;Anserma;Oro-Au;Oro-Au;Veta;Epitermal;ROCA SEDIMENTARIA;Formación Irra-Tres Puertas;Arenitas;Paleógeno
347;5.1763;-75.7094;La Perla;Ocurrencia;17-Caldas;Anserma;Oro-Au;Oro-Au;Veta;Epitermal;ROCA SEDIMENTARIA;Formación Irra-Tres Puertas;Arenitas;Paleógeno
348;5.2443;-75.7259;La Plombagina;Productor pasado - Subterráneo;17-Caldas;Anserma;Cobre-Cu;Calcosina-β-Cu2S;Stockwork;Pórfido;ROCA ÍGNEA PLUTÓNICA;Stock de Irra;Monzonita;Cretácico
349;5.268;-75.7664;Mina Chorroseco;Productor pasado - Subterráneo;17-Caldas;Anserma;Oro-Au;Oro-Au;Veta;Epitermal;ROCA ÍGNEA PLUTÓNICA;Gabro de Anserma;Gabro;Cretácico
350;5.3206;-75.5025;Nueva Esperanza_2;Productor pasado - Subterráneo;17-Caldas;Aranzazu;Mercurio-Hg;Mercurio-Hg;Veta;Epitermal;ROCA_ÍGNEA_VOLCANICLÁSTICA;Formación Quebradagrande;Grauvaca;Cretácico
351;5.2689;-75.5424;Balmoral;Ocurrencia;17-Caldas;Filadelfia;Mercurio-Hg;Mercurio-Hg;Zona de Cizalla;Epitermal;ROCA ÍGNEA VOLCÁNICA;Formación Quebradagrande, Miembro Volcánico;Basalto;Cretácico
352;5.3059;-75.6493;La Amapola;Productor pasado - Cielo abierto;17-Caldas;Filadelfia;Oro-Au;Oro-Au;Aluvial;Placer;DEPOSITO ALUVIAL;Sin información;Gravilla;Cuaternario
353;5.3308;-75.5558;La Curva de la Empanada;Productor - Cielo abierto;17-Caldas;Filadelfia;Asbestos;Crisotilo-Mg3(Si2O5)(OH)4;Stockwork;Asociado_a_magmas_máficos_básicos;ROCA METAMÓRFICA;Sin información;Serpentinita;Cretácico
354;5.3583;-75.6069;La Soledad;Ocurrencia;17-Caldas;Filadelfia;Oro-Au;Oro-Au;Veta;Epitermal;ROCA SEDIMENTARIA;Formación Amagá;Arenitas;Paleógeno
355;5.2843;-75.5543;Los Lavaderos;Ocurrencia;17-Caldas;Filadelfia;Mercurio-Hg;Mercurio-Hg;Zona de Cizalla;Epitermal;ROCA ÍGNEA PLUTÓNICA;Sin información;Gabro;Cretácico
356;5.4018;-75.5541;Puente Tierra;Productor - Cielo abierto;17-Caldas;La Merced;Asbestos;Crisotilo-Mg3(Si2O5)(OH)4;Stockwork;Asociado_a_magmas_máficos_básicos;ROCA METAMÓRFICA;Sin información;Serpentinita;Cretácico
358;5.0847;-75.583;El Algarrobo;Productor pasado - Subterráneo;17-Caldas;Manizales;Oro-Au;Oro-Au;Veta;Epitermal;ROCA METAMÓRFICA;Complejo Arquía;Esquisto;Cretácico
359;5.0811;-75.6633;La Cabaña;Ocurrencia;17-Caldas;Manizales;Oro-Au;Oro-Au;Veta;Epitermal;ROCA SEDIMENTARIA;Formación Irra-Tres Puertas;Arenitas;Paleógeno
360;5.0519;-75.4278;Mina El Diamante;Productor pasado - Subterráneo;17-Caldas;Manizales;Oro-Au;Oro-Au;Veta;Orogénico;ROCA METAMÓRFICA;Complejo Cajamarca;Esquito grafitoso;Triásico
361;5.052;-75.4099;Mina La Cascada;Productor - Subterráneo;17-Caldas;Manizales;Oro-Au;Pirita-FeS2;Veta;Epitermal;ROCA ÍGNEA PLUTÓNICA;Stock de Manizales;Granodioritas;Paleógeno
362;5.0484;-75.4091;Mina La Coqueta;Productor - Subterráneo;17-Caldas;Manizales;Oro-Au;Pirita-FeS2;Veta;Epitermal;ROCA ÍGNEA PLUTÓNICA;Milonita Granítica del Guacaica;Granito;Triásico
363;5.1895;-75.1294;Aguabonita_1;Productor pasado - Subterráneo;17-Caldas;Manzanares;Manganeso-Mn;Pirolusita-MnO2;Veta;Sin_Clasificar;ROCA METAMÓRFICA;Complejo Cajamarca;Esquito grafitoso;Triásico
364;5.2555;-75.0896;La Reina;Ocurrencia;17-Caldas;Manzanares;Oro-Au;Pirita-FeS2;Veta;Orogénico;ROCA METAMÓRFICA;Complejo Cajamarca;Esquito grafitoso;Triásico
365;5.1732;-75.1289;Mina El Porce;Productor - Subterráneo;17-Caldas;Manzanares;Oro-Au;Pirita-FeS2;Brecha;Epitermal;ROCA METAMÓRFICA;Complejo Cajamarca;Sin información;Triásico
366;5.1788;-75.1739;Mina La Sonrisa;Productor - Subterráneo;17-Caldas;Manzanares;Oro-Au;Pirrotita-Fe1-xS;Veta;Epitermal;ROCA METAMÓRFICA;Complejo Cajamarca;Sin información;Triásico
367;5.218;-75.1664;Mina San Antonio;Productor pasado - Subterráneo;17-Caldas;Manzanares;Oro-Au;Oro-Au;Veta;Orogénico;ROCA METAMÓRFICA;Complejo Cajamarca;Esquito grafitoso;Triásico
368;5.1839;-75.1145;Mina Santafé_tunel1;Productor - Subterráneo;17-Caldas;Manzanares;Oro-Au;Pirita-FeS2;Veta;Epitermal;ROCA METAMÓRFICA;Complejo Cajamarca;Gneis;Triásico
369;5.218;-75.0997;MinaLa Pedrera;Productor pasado - Subterráneo;17-Caldas;Manzanares;Oro-Au;Oro-Au;Veta;Orogénico;ROCA METAMÓRFICA;Complejo Cajamarca;Esquito grafitoso;Triásico
370;5.1794;-75.1625;San Vicente;Ocurrencia;17-Caldas;Manzanares;Cobre-Cu;Arsenopirita-FeAsS;Veta;Epitermal;ROCA METAMÓRFICA;Complejo Cajamarca;Esquito grafitoso;Triásico
371;5.4895;-75.6177;MIna La Fortuna;Productor - Subterráneo;17-Caldas;Marmato;Oro-Au;Oro-Au;Veta;Epitermal;ROCA_SUBVOLCÁNICA_HIPOABISAL;Pórfidos dioríticos, granodioríticos y tonalíticos;Pórfido Granodiorítico/Cuarzodiorítico (Dacítico);Neógeno
372;5.4801;-75.5998;Mina La Golondrina;Productor - Subterráneo;17-Caldas;Marmato;Oro-Au;Pirita-FeS2;Veta;Epitermal;ROCA_SUBVOLCÁNICA_HIPOABISAL;Pórfidos dioríticos, granodioríticos y tonalíticos;Pórfido Diorítico (Andesítico);Neógeno
373;5.4777;-75.5976;Mina La Maruja;Productor - Subterráneo;17-Caldas;Marmato;Oro-Au;Pirita-FeS2;Veta;Epitermal;ROCA_SUBVOLCÁNICA_HIPOABISAL;Pórfido Andesítico-Dacítico de Irra;Andesita;Neógeno
374;5.3275;-75.0581;La Diamantina;Ocurrencia;17-Caldas;Marquetalia;Plata-Ag;Galena-PbS;Veta;Orogénico;ROCA METAMÓRFICA;Complejo Cajamarca;Esquito grafitoso;Triásico
375;5.2924;-74.988;La Quiebra;Ocurrencia;17-Caldas;Marquetalia;Grafito-C;Grafito-C;Masivo;Minerales_Industriales;ROCA METAMÓRFICA;Complejo Cajamarca;Esquito grafitoso;Triásico
376;5.3246;-75.0189;La Venturosa;Ocurrencia;17-Caldas;Marquetalia;Oro-Au;Pirita-FeS2;Veta;Orogénico;ROCA ÍGNEA PLUTÓNICA;Stock de El Hatillo;Cuarzodiorita;Paleógeno
377;5.319;-74.9616;Los Andes;Ocurrencia;17-Caldas;Marquetalia;Cobre-Cu;Pirita-FeS2;Veta;Epitermal;ROCA METAMÓRFICA;Complejo Cajamarca;Esquito grafitoso;Triásico
378;5.3155;-75.3294;El Páramo;Ocurrencia;17-Caldas;Marulanda;Oro-Au;Oro-Au;Veta;Epitermal;ROCA SEDIMENTARIA;Formación Abejorral;Conglomerado;Cretácico
379;5.1375;-75.2565;Mina El Lingote_BacaminaJ1;Productor - Subterráneo;17-Caldas;Marulanda;Oro-Au;Sin información;Veta;Orogénico;ROCA METAMÓRFICA;Complejo Cajamarca;Gneis;Triásico
380;5.249;-75.6781;Betulia_1;Ocurrencia;17-Caldas;Neira;Oro-Au;Oro-Au;Stockwork;Pórfido;ROCA ÍGNEA PLUTÓNICA;Stock de Irra;Monzonita;Cretácico
381;5.2283;-75.7011;Cuba;Ocurrencia;17-Caldas;Neira;Oro-Au;Oro-Au;Veta;Epitermal;ROCA SEDIMENTARIA;Formación Irra-Tres Puertas;Arenitas;Paleógeno
382;5.198;-75.6361;El Río_3;Ocurrencia;17-Caldas;Neira;Oro-Au;Oro-Au;Veta;Epitermal;ROCA SEDIMENTARIA;Formación Irra-Tres Puertas;Arenitas;Paleógeno
383;5.2514;-75.6833;Irra;Ocurrencia;17-Caldas;Neira;Uranio-U;Sin información;Brecha;Depósitos_Uranio;ROCA ÍGNEA PLUTÓNICA;Stock de Irra;Monzonita;Cretácico
384;5.1799;-75.4555;La Cristalina;Ocurrencia;17-Caldas;Neira;Oro-Au;Oro-Au;Veta;Epitermal;ROCA ÍGNEA PLUTÓNICA;Sin información;Sin información;Triásico
385;5.196;-75.4162;La Cristalina2;Ocurrencia;17-Caldas;Neira;Oro-Au;Oro-Au;Brecha;Pórfido;ROCA ÍGNEA VOLCÁNICA;Sin información;Andesita;Cuaternario
386;5.1574;-75.6056;La Isla;Ocurrencia;17-Caldas;Neira;Asbestos;Crisotilo-Mg3(Si2O5)(OH)4;Stockwork;Asociado_a_magmas_máficos_básicos;ROCA METAMÓRFICA;Complejo Arquía;Esquisto;Cretácico
387;5.1838;-75.6441;San José_1;Ocurrencia;17-Caldas;Neira;Oro-Au;Oro-Au;Veta;Epitermal;ROCA SEDIMENTARIA;Formación Irra-Tres Puertas;Arenitas;Paleógeno
388;5.1941;-75.6533;San José_3;Ocurrencia;17-Caldas;Neira;Oro-Au;Oro-Au;Veta;Epitermal;ROCA SEDIMENTARIA;Formación Irra-Tres Puertas;Arenitas;Paleógeno
389;5.5824;-74.8785;Filón Tesorito;Ocurrencia;17-Caldas;Norcasia;Oro-Au;Sin información;Veta;Epitermal;ROCA ÍGNEA PLUTÓNICA;Stock de Norcasia;Dioritas;Paleógeno
390;5.6785;-74.8337;No Indicado_17_0009;Ocurrencia;17-Caldas;Norcasia;Oro-Au;Sin información;No Consolidado;Sin_Clasificar;ROCA METAMÓRFICA;"Esquistos grafíticos, cuarzomoscovíticos, cloríticos y anfibólicos; filitas; cuarcitas; mármoles, y serpentinitas.";Esquisto;Triásico
391;5.5854;-74.8818;No Indicado_17_0010;Ocurrencia;17-Caldas;Norcasia;Cobre-Cu;Calcopirita-CuFeS2;Veta;Sin_Clasificar;Sin información;Sin información;Sin información;Sin información
392;5.5997;-74.8424;No Indicado_17_0011;Ocurrencia;17-Caldas;Norcasia;Oro-Au;Pirita-FeS2;Veta;Sin_Clasificar;ROCA METAMÓRFICA;"Esquistos grafíticos, cuarzomoscovíticos, cloríticos y anfibólicos; filitas; cuarcitas; mármoles, y serpentinitas.";Esquisto;Triásico
393;5.548;-75.5658;El Bureo;Productor pasado - Subterráneo;17-Caldas;Pácora;Plata-Ag;Oro-Au;Veta;Epitermal;ROCA_SUBVOLCÁNICA_HIPOABISAL;Sin información;Pórfido Diorítico (Andesítico);Neógeno
394;5.503;-75.5233;El Escobal;Ocurrencia;17-Caldas;Pácora;Oro-Au;Oro-Au;Veta;Epitermal;ROCA ÍGNEA VOLCÁNICA;Formación Quebradagrande, Miembro Volcánico;Basalto;Cretácico
395;5.5518;-75.4894;La Mica;Ocurrencia;17-Caldas;Pácora;Mercurio-Hg;Mercurio-Hg;Zona de Cizalla;Epitermal;ROCA ÍGNEA PLUTÓNICA;Sin información;Gabro;Cretácico
396;5.5372;-75.4679;Peñas Azules;Productor - Cielo abierto;17-Caldas;Pácora;Asbestos;Crisotilo-Mg3(Si2O5)(OH)4;Stockwork;Asociado_a_magmas_máficos_básicos;ROCA ÍGNEA PLUTÓNICA;Sin información;Peridotita;Cretácico
398;5.0522;-75.6142;San Peregrino;Ocurrencia;17-Caldas;Palestina;Oro-Au;Oro-Au;Veta;Epitermal;ROCA METAMÓRFICA;Complejo Arquía;Esquisto;Cretácico
399;5.4693;-75.1057;Mina San Francisco;Productor pasado - Subterráneo;17-Caldas;Pensilvania;Oro-Au;Oro-Au;Veta;Orogénico;ROCA METAMÓRFICA;Complejo Cajamarca;Esquito grafitoso;Triásico
400;5.4936;-75.1375;Minera Guayaquil_Tunel Los Lopez;Prospecto;17-Caldas;Pensilvania;Oro-Au;Sin información;Veta;Orogénico;ROCA METAMÓRFICA;Complejo Cajamarca;Esquisto;Cretácico
401;5.4985;-75.1694;Río Dulce- Arboledas;Prospecto;17-Caldas;Pensilvania;Oro-Au;Oro-Au;Diseminado;Pórfido;ROCA_SUBVOLCÁNICA_HIPOABISAL;Pórfidos de Río Dulce;Pórfido Granodiorítico/Cuarzodiorítico (Dacítico);Cuaternario
402;5.3402;-75.638;Jaguero;Ocurrencia;17-Caldas;Riosucio;Oro-Au;Oro-Au;Veta;Epitermal;ROCA_SUBVOLCÁNICA_HIPOABISAL;Sin información;Pórfido Diorítico (Andesítico);Neógeno
403;5.4509;-75.6997;Mina El Barro;Productor pasado - Subterráneo;17-Caldas;Riosucio;Oro-Au;Oro-Au;Veta;Epitermal;ROCA_SUBVOLCÁNICA_HIPOABISAL;Sin información;Pórfido Diorítico (Andesítico);Neógeno
404;5.4383;-75.6911;Mina Gavia;Productor - Subterráneo;17-Caldas;Riosucio;Oro-Au;Sin información;Veta;Epitermal;ROCA_ÍGNEA_VOLCANICLÁSTICA;Formación Combia;Sin información;Neógeno
405;5.3869;-75.7563;Mina La Palma;Productor pasado - Subterráneo;17-Caldas;Riosucio;Antimonio-Sb;Estibina o Antimonita-Sb2S3;Veta;Epitermal;ROCA_ÍGNEA_VOLCANICLÁSTICA;Formación Combia;Toba;Neógeno
406;5.3952;-75.8522;Río Grande_2;Ocurrencia;17-Caldas;Riosucio;Oro-Au;Oro-Au;Veta;Epitermal;ROCA ÍGNEA PLUTÓNICA;Plutón de Mistrató;Tonalita;Cretácico
407;5.114;-75.7057;Caldas_Arauca;Productor pasado - Cielo abierto;17-Caldas;Risaralda;Mármol;Mármol;Estratiforme;Rocas;ROCA ÍGNEA VOLCÁNICA;Formación Barroso;Basalto;Cretácico
408;5.418;-75.4997;El Corozo 1;Ocurrencia;17-Caldas;Salamina;Plata-Ag;Pirita-FeS2;Veta;Epitermal;ROCA ÍGNEA VOLCÁNICA;Formación Quebradagrande, Miembro Volcánico;Basalto;Cretácico
409;5.413;-75.3955;San Pablo;Ocurrencia;17-Caldas;Salamina;Oro-Au;Oro-Au;Veta;Epitermal;ROCA SEDIMENTARIA;Formación Abejorral;Conglomerado;Cretácico
410;5.5856;-74.9661;Berlín;Prospecto desarrollado;17-Caldas;Samaná;Uranio-U;Uraninita-UO2;Estratiforme;Depósitos_Uranio;ROCA SEDIMENTARIA;Formación Abejorral;Shale;Cretácico
411;5.4213;-74.9558;El Morro;Ocurrencia;17-Caldas;Samaná;Oro-Au;Sin información;Diseminado;Pórfido;ROCA_SUBVOLCÁNICA_HIPOABISAL;Pórfido de El Morro;Pórfido Granodiorítico/Cuarzodiorítico (Dacítico);Neógeno
412;5.4501;-74.9942;La Cristalina;Ocurrencia;17-Caldas;Samaná;Oro-Au;Pirita-FeS2;Veta;Otros_depósitos_asociados_a_intrusivos;ROCA ÍGNEA PLUTÓNICA;Complejo Ígneo de Betulia;Gabro;Cretácico
413;5.3815;-74.9942;La Gallina;Productor pasado - Subterráneo;17-Caldas;Samaná;Plata-Ag;Galena-PbS;Veta;Otros_depósitos_asociados_a_intrusivos;ROCA ÍGNEA PLUTÓNICA;Complejo Ígneo de Betulia;Gabro;Cretácico
414;5.4175;-75.0032;La Gruta;Ocurrencia;17-Caldas;Samaná;Oro-Au;Pirita-FeS2;Veta;Otros_depósitos_asociados_a_intrusivos;ROCA ÍGNEA PLUTÓNICA;Complejo Ígneo de Betulia;Gabro;Cretácico
415;5.572;-75.0919;La Pola;Ocurrencia;17-Caldas;Samaná;Oro-Au;Electrum;Veta;Orogénico;ROCA METAMÓRFICA;Complejo Cajamarca;Esquito grafitoso;Triásico
416;5.3814;-75.037;La Sofia;Productor pasado - Subterráneo;17-Caldas;Samaná;Plata-Ag;Galena-PbS;Veta;Orogénico;ROCA METAMÓRFICA;Complejo Cajamarca;Esquito grafitoso;Triásico
417;5.4818;-74.9618;Media Cuesta;Ocurrencia;17-Caldas;Samaná;Cobre-Cu;Pirita-FeS2;Veta;Otros_depósitos_asociados_a_intrusivos;ROCA ÍGNEA PLUTÓNICA;Complejo Ígneo de Betulia;Gabro;Cretácico
418;5.5571;-75.0862;Mina La Selva;Productor - Subterráneo;17-Caldas;Samaná;Oro-Au;Pirita-FeS2;Veta;Epitermal;ROCA METAMÓRFICA;Complejo Cajamarca;Sin información;Triásico
419;5.5268;-75.0566;Río Claro;Ocurrencia;17-Caldas;Samaná;Plata-Ag;Plata-Ag;Veta;Otros_depósitos_asociados_a_intrusivos;ROCA ÍGNEA PLUTÓNICA;Stock de Florencia;Cuarzodiorita;Paleógeno
421;4.9475;-75.4353;El Retiro;Productor pasado - Subterráneo;17-Caldas;Villamaría;Oro-Au;Oro-Au;Veta;Epitermal;ROCA METAMÓRFICA;Complejo Cajamarca;Esquisto;Triásico
422;4.9513;-75.383;Finca La Selva;Ocurrencia;17-Caldas;Villamaría;Azufre-S;Azufre-S;Masivo;Minerales_Industriales;ROCA_ÍGNEA_VOLCANICLÁSTICA;Sin información;Toba de lapilli;Cuaternario
423;5.0261;-75.5101;La Cristalina;Ocurrencia;17-Caldas;Villamaría;Antimonio-Sb;Estibina o Antimonita-Sb2S3;Brecha;Epitermal;ROCA ÍGNEA VOLCÁNICA;Complejo Quebradagrande;Basalto;Cretácico
424;4.9582;-75.5022;La Guayana;Ocurrencia;17-Caldas;Villamaría;Oro-Au;Oro-Au;Veta;Epitermal;ROCA ÍGNEA VOLCÁNICA;Complejo Quebradagrande;Basalto;Cretácico
425;5.0144;-75.4216;Mina Gallinazo;Productor pasado - Subterráneo;17-Caldas;Villamaría;Oro-Au;Oro-Au;Stockwork;Pórfido;ROCA ÍGNEA VOLCÁNICA;Sin información;Lava;Neógeno
426;4.9711;-75.3781;Termales;Ocurrencia;17-Caldas;Villamaría;Hierro-Fe;Hierro-Fe;Masivo;Ferroso;ROCA ÍGNEA VOLCÁNICA;Sin información;Lava;Neógeno
427;4.9469;-75.4383;Toldafría;Prospecto;17-Caldas;Villamaría;Oro-Au;Pirita-FeS2;Veta;Epitermal;ROCA METAMÓRFICA;Complejo Cajamarca;Esquisto;Triásico
428;5.0452;-75.8961;El Porvenir;Ocurrencia;17-Caldas;Viterbo;Manganeso-Mn;Rodocrosita-MnCO3;Stockwork;Ferroso;ROCA ÍGNEA VOLCÁNICA;Formación Barroso;Basalto;Cretácico
429;5.0774;-75.8619;San José_Viterbo;Productor pasado - Cielo abierto;17-Caldas;Viterbo;Oro-Au;Oro-Au;Aluvial;Placer;DEPOSITO ALUVIAL;Sin información;Gravilla;Cuaternario
430;7.7337;-75.7332;El Alacrán;Prospecto desarrollado;23-Córdoba;Puerto Libertador;Cobre-Cu;Magnetita-Fe+2Fe+23O4;Estratiforme;Otros_depósitos_asociados_a_intrusivos;ROCA_ÍGNEA_VOLCANICLÁSTICA;Formación Barroso;Toba;Cretácico
431;7.7482;-75.7105;San Matias_Montiel E;Prospecto;23-Córdoba;Puerto Libertador;Cobre-Cu;Calcopirita-CuFeS2;Stockwork;Pórfido;ROCA ÍGNEA VOLCÁNICA;Sin información;Basalto;Cretácico
432;7.7173;-75.5632;Magambo_1;Ocurrencia;23-Córdoba;San José De Uré;Níquel-Ni;Sin información;No Consolidado;Residual_Oxidado;ROCA ÍGNEA PLUTÓNICA;Ultramafitas de Uré;Peridotita;Cretácico
433;7.7829;-75.5629;Magambo_Alto El Oso;Ocurrencia;23-Córdoba;San José De Uré;Níquel-Ni;Sin información;No Consolidado;Residual_Oxidado;ROCA ÍGNEA PLUTÓNICA;Ultramafitas de Uré;Peridotita;Cretácico
434;7.7523;-75.5643;Magambo_San Juan;Ocurrencia;23-Córdoba;San José De Uré;Níquel-Ni;Sin información;No Consolidado;Residual_Oxidado;ROCA ÍGNEA PLUTÓNICA;Ultramafitas de Uré;Peridotita;Cretácico
435;7.8163;-75.5638;Magambo_Viera;Prospecto;23-Córdoba;San José De Uré;Níquel-Ni;Sin información;No Consolidado;Residual_Oxidado;ROCA ÍGNEA PLUTÓNICA;Ultramafitas de Uré;Peridotita;Cretácico
436;5.3662;-76.3257;Alto Condoto;Ocurrencia;27-Chocó;Bagadó;Platino-Pt;Platino-Pt;Aluvial;Placer;ROCA ÍGNEA PLUTÓNICA;Batolito de Mandé;Granodioritas;Paleógeno
437;5.4355;-76.2127;Andágueda_1;Ocurrencia;27-Chocó;Bagadó;Platino-Pt;Platino-Pt;Aluvial;Placer;DEPOSITO ALUVIAL;Depósitos aluviales y de llanuras aluviales del Cuaternario;Conglomerado arenoso;Cuaternario
438;5.4013;-76.3032;Andágueda_2;Ocurrencia;27-Chocó;Bagadó;Platino-Pt;Platino-Pt;Aluvial;Placer;DEPOSITO ALUVIAL;Depósitos aluviales y de llanuras aluviales del Cuaternario;Conglomerado arenoso;Cuaternario
439;5.3799;-76.3892;Bagadó_2;Ocurrencia;27-Chocó;Bagadó;Oro-Au;Oro-Au;Aluvial;Placer;ROCA SEDIMENTARIA;Formación Napipí;Lodolita;Neógeno
440;5.405;-76.3436;Dojurá;Ocurrencia;27-Chocó;Bagadó;Cobre-Cu;Pirita-FeS2;Veta;Pórfido;ROCA_SUBVOLCÁNICA_HIPOABISAL;Batolito de Mandé;Pórfido Cuarzomonzonítico (Cuarzolatítico);Paleógeno
441;5.3957;-76.3567;El Salto;Ocurrencia;27-Chocó;Bagadó;Cobre-Cu;Pirita-FeS2;Veta;Pórfido;ROCA_SUBVOLCÁNICA_HIPOABISAL;Batolito de Mandé;Pórfido Cuarzomonzonítico (Cuarzolatítico);Paleógeno
442;5.4528;-76.3673;Jegodá;Ocurrencia;27-Chocó;Bagadó;Cobre-Cu;Pirita-FeS2;Veta;Pórfido;ROCA_SUBVOLCÁNICA_HIPOABISAL;Batolito de Mandé;Pórfido Cuarzomonzonítico (Cuarzolatítico);Paleógeno
443;5.6309;-76.1479;Mina Dabeibe;Productor pasado - Subterráneo;27-Chocó;Bagadó;Oro-Au;Oro-Au;Veta;Sin_Clasificar;ROCA ÍGNEA PLUTÓNICA;Batolito de Farallones;Granodioritas;Neógeno
444;5.4033;-76.3645;Muchichí;Prospecto;27-Chocó;Bagadó;Cobre-Cu;Pirita-FeS2;Veta;Pórfido;ROCA_SUBVOLCÁNICA_HIPOABISAL;Batolito de Mandé;Pórfido Cuarzomonzonítico (Cuarzolatítico);Paleógeno
445;5.4388;-76.3497;Mutumbudó;Ocurrencia;27-Chocó;Bagadó;Cobre-Cu;Pirita-FeS2;Veta;Pórfido;ROCA_SUBVOLCÁNICA_HIPOABISAL;Batolito de Mandé;Pórfido Cuarzomonzonítico (Cuarzolatítico);Paleógeno
446;5.3662;-76.3257;San Marino_1;Ocurrencia;27-Chocó;Bagadó;Platino-Pt;Platino-Pt;Aluvial;Placer;ROCA ÍGNEA PLUTÓNICA;Batolito de Mandé;Granodioritas;Paleógeno
447;7.0718;-76.6579;Jarapetó;Prospecto;27-Chocó;Carmen del Darién (Curbaradó);Cobre-Cu;Calcopirita-CuFeS2;Diseminado;Pórfido;ROCA ÍGNEA PLUTÓNICA;Batolito de Mandé;Tonalita;Paleógeno
448;7.0366;-76.6494;La Rica;Prospecto;27-Chocó;Carmen del Darién (Curbaradó);Cobre-Cu;Calcopirita-CuFeS2;Diseminado;Pórfido;ROCA ÍGNEA PLUTÓNICA;Batolito de Mandé;Tonalita;Paleógeno
449;5.8667;-76.1079;Anomalía 24;Prospecto;27-Chocó;El Carmen;Cobre-Cu;Calcopirita-CuFeS2;Masivo;Volcanogénico;ROCA_ÍGNEA_VOLCANICLÁSTICA;Formación Barroso;Basalto;Cretácico
450;5.8969;-76.093;Galilea;Prospecto;27-Chocó;El Carmen;Cobre-Cu;Calcopirita-CuFeS2;Masivo;Volcanogénico;ROCA_ÍGNEA_VOLCANICLÁSTICA;Formación Barroso;Basalto;Cretácico
451;5.9684;-76.1391;La Calera Norte;Prospecto;27-Chocó;El Carmen;Oro-Au;Cobre-Cu;Estratiforme;Volcanogénico;ROCA_ÍGNEA_VOLCANICLÁSTICA;Formación Barroso;Basalto;Cretácico
452;5.9265;-76.1367;Mina El Roble;Productor - Subterráneo;27-Chocó;El Carmen;Cobre-Cu;Calcopirita-CuFeS2;Masivo;Volcanogénico;ROCA_ÍGNEA_VOLCANICLÁSTICA;Formación Barroso;Basalto;Cretácico
453;5.9266;-76.1367;Mina El Roble;Productor - Subterráneo;27-Chocó;El Carmen;Cobre-Cu;Calcopirita-CuFeS2;Masivo;Volcanogénico;ROCA ÍGNEA VOLCÁNICA;Formación Barroso;Basalto;Cretácico
454;5.8611;-76.1805;Mina Gibraltar;Productor pasado - Subterráneo;27-Chocó;El Carmen;Cobre-Cu;Cobre-Cu;Stockwork;Epitermal;ROCA SEDIMENTARIA;Rocas Volcánicas de La Equis;Basalto;Sin información
455;5.8874;-76.116;San Lorenzo Sur;Prospecto;27-Chocó;El Carmen;Oro-Au;Oro-Au;Masivo;Volcanogénico;ROCA_ÍGNEA_VOLCANICLÁSTICA;Formación Barroso;Basalto;Cretácico
456;5.5983;-76.3733;Mumbarado;Ocurrencia;27-Chocó;Lloró;Platino-Pt;Platino-Pt;Aluvial;Placer;ROCA SEDIMENTARIA;Rocas Volcánicas de La Equis;Lodolita/Mudstone;Paleógeno
457;5.6772;-76.4067;Rio Atrato;Ocurrencia;27-Chocó;Lloró;Platino-Pt;Platino-Pt;Aluvial;Placer;ROCA SEDIMENTARIA;Rocas Volcánicas de La Equis;Lodolita/Mudstone;Paleógeno
458;5.9378;-76.4229;Comitá;Prospecto;27-Chocó;Quibdó;Cobre-Cu;Calcopirita-CuFeS2;Diseminado;Pórfido;ROCA ÍGNEA VOLCÁNICA;Complejo Santa Cecilia-La Equis;Basalto;Paleógeno
459;6.0847;-76.3404;Curazamba;Ocurrencia;27-Chocó;Quibdó;Platino-Pt;Platino-Pt;Aluvial;Placer;DEPOSITO ALUVIAL;Depósitos aluviales y de llanuras aluviales del Cuaternario;Conglomerado arenoso;Cuaternario
460;6.1155;-76.2774;La Cristalina;Ocurrencia;27-Chocó;Quibdó;Platino-Pt;Platino-Pt;Aluvial;Placer;DEPOSITO ALUVIAL;Depósitos aluviales y de llanuras aluviales del Cuaternario;Conglomerado arenoso;Cuaternario
461;5.7772;-76.4191;La Equis-Progreso;Productor pasado - Subterráneo;27-Chocó;Quibdó;Oro-Au;Esfalerita o Blenda-(Zn,Fe)S;Veta;Epitermal;ROCA ÍGNEA VOLCÁNICA;Complejo Santa Cecilia-La Equis;Andesita;Sin información
462;6.1093;-76.2972;Romerales;Ocurrencia;27-Chocó;Quibdó;Platino-Pt;Platino-Pt;Aluvial;Placer;DEPOSITO ALUVIAL;Depósitos aluviales y de llanuras aluviales del Cuaternario;Conglomerado arenoso;Cuaternario
463;5.2832;-76.1479;Mina Los Canarios;Productor - Cielo abierto;27-Chocó;Tadó;Oro-Au;Oro-Au;Aluvial;Placer;ROCA ÍGNEA PLUTÓNICA;Plutón de El Pital;Monzonita;Neógeno
464;5.4127;-76.0839;Agüita;Ocurrencia;66-Risaralda;Mistrató;Platino-Pt;Platino-Pt;Aluvial;Placer;DEPOSITO ALUVIAL;Depósitos aluviales y de llanuras aluviales del Cuaternario;Conglomerado arenoso;Cuaternario
465;5.4871;-76.0569;Distrito Minero de Puerto de Oro;Productor pasado - Subterráneo;66-Risaralda;Mistrató;Oro-Au;Oro-Au;Veta;Sin_Clasificar;ROCA SEDIMENTARIA;"Lodolitas; arenitas lodosas y arenitas líticas; cherts; calizas; tobas, y aglomerados. Localmente cataclasitas.";Lodolitas;Cretácico
466;5.3003;-75.7116;El Centro;Prospecto;66-Risaralda;Quinchía;Oro-Au;Calcopirita-CuFeS2;Diseminado;Pórfido;ROCA ÍGNEA VOLCÁNICA;Formación Barroso;Basalto;Cretácico
467;5.3453;-75.6856;Mina Nacedero;Productor - Subterráneo;66-Risaralda;Quinchía;Oro-Au;Pirita-FeS2;Veta;Epitermal;ROCA ÍGNEA VOLCÁNICA;Formación Combia;Basalto;Neógeno
468;5.3423;-75.6825;Mina Tominejo;Productor - Subterráneo;66-Risaralda;Quinchía;Oro-Au;Pirita-FeS2;Diseminado;Pórfido;ROCA ÍGNEA VOLCÁNICA;Formación Combia;Basalto;Neógeno
469;5.288;-75.6872;Tesorito;Prospecto;66-Risaralda;Quinchía;Oro-Au;Sin información;Stockwork;Pórfido;ROCA SEDIMENTARIA;Formación Amagá;Arenitas;Paleógeno
470;4.9171;-75.6983;El Poma;Prospecto;66-Risaralda;Santa Rosa De Cabal;Oro-Au;Oro-Au;Diseminado;Pórfido;ROCA ÍGNEA VOLCÁNICA;Formación Barroso;Basalto;Cretácico
471;4.6137;-75.0446;El Llanito;Productor pasado - Subterráneo;73-Tolima;Alvarado;Oro-Au;Pirita-FeS2;Veta;Orogénico;ROCA METAMÓRFICA;Gneises y Anfibolitas de Tierradentro;Gneis;Sin información
472;4.5618;-75.1133;Las Dalias;Prospecto;73-Tolima;Anzoátegui;Plomo-Pb;Pirita-FeS2;Sin información;Sin_Clasificar;;Gneises y Anfibolitas de Tierradentro;Sin información;Sin información
473;4.5595;-75.2108;Mina La Sonora;Productor - Subterráneo;73-Tolima;Anzoátegui;Oro-Au;Oro-Au;Veta;Epitermal;ROCA SEDIMENTARIA;Rocas Sedimentarias de Santa Teresa;shale;Sin información
474;4.5826;-75.1253;San Martín;Prospecto;73-Tolima;Anzoátegui;Plomo-Pb;Pirita-FeS2;Sin información;Sin_Clasificar;ROCA ÍGNEA PLUTÓNICA;Batolito de Ibagué;Sin información;Sin información
475;4.9418;-75.3399;Alegrías;Productor - Cielo abierto;73-Tolima;Casabianca;Oro-Au;Sin información;Sin información;Sin_Clasificar;Sin información;Sin información;Sin información;Sin información
476;5.0649;-75.0789;El Carmen;Productor pasado - Subterráneo;73-Tolima;Casabianca;Oro-Au;Pirita-FeS2;Sin información;Epitermal;ROCA METAMÓRFICA;Complejo Cajamarca;Esquisto;Triásico
477;5.0976;-75.0827;El Chivato;Productor - Cielo abierto;73-Tolima;Casabianca;Oro-Au;Sin información;Sin información;Placer;ROCA METAMÓRFICA;Complejo Cajamarca;Esquisto;Triásico
478;5.11;-75.0536;El Concho;Productor pasado - Cielo abierto;73-Tolima;Casabianca;Oro-Au;Sin información;Sin información;Placer;ROCA_ÍGNEA_VOLCANICLÁSTICA;Sin información;Sin información;Sin información
479;4.9412;-75.3404;Mina De Hierro;Productor - Cielo abierto;73-Tolima;Casabianca;Hierro-Fe;Magnetita-Fe+2Fe+23O4;Sin información;Sin_Clasificar;Sin información;Sin información;Sin información;Sin información
480;5.0627;-74.9665;Calamonte;Productor pasado - Subterráneo;73-Tolima;Falan;Oro-Au;Pirita-FeS2;Sin información;Epitermal;ROCA_ÍGNEA_VOLCANICLÁSTICA;Formación Mesa;Sin información;Sin información
481;5.0923;-75.0381;El Tesoro;Productor pasado - Subterráneo;73-Tolima;Falan;Oro-Au;Pirita-FeS2;Sin información;Epitermal;ROCA METAMÓRFICA;Complejo Cajamarca;Esquisto;Triásico
482;5.0281;-75.0144;Frías;Productor pasado - Subterráneo;73-Tolima;Falan;Oro-Au;Pirita-FeS2;Sin información;Epitermal;ROCA METAMÓRFICA;Complejo Cajamarca;Esquisto;Triásico
483;5.0387;-74.9993;La Quebradona;Productor pasado - Cielo abierto;73-Tolima;Falan;Oro-Au;Sin información;Sin información;Placer;ROCA ÍGNEA PLUTÓNICA;Stock de El Hatillo;Sin información;Sin información
484;5.1377;-74.9753;Mina La Rica;Productor - Cielo abierto;73-Tolima;Falan;Oro-Au;Sin información;Sin información;Sin_Clasificar;ROCA_ÍGNEA_VOLCANICLÁSTICA;Formación Mesa;Sin información;Sin información
485;5.0256;-74.9589;Mina Tavera;Productor pasado - Cielo abierto;73-Tolima;Falan;Oro-Au;Sin información;Sin información;Sin_Clasificar;ROCA METAMÓRFICA;Complejo Cajamarca;Esquisto;Triásico
486;5.2271;-74.9423;Minas de Falan;Productor pasado - Subterráneo;73-Tolima;Falan;Oro-Au;Pirita-FeS2;Veta;Orogénico;Sin información;Sin información;Sin información;Sin información
487;5.1271;-74.9454;Proyecto Santa Ana;Productor - Subterráneo;73-Tolima;Falan;Oro-Au;Pirita-FeS2;Diseminado;Epitermal;ROCA METAMÓRFICA;Complejo Cajamarca;Esquisto;Triásico
488;5.2059;-75.0502;Barreto;Productor pasado - Cielo abierto;73-Tolima;Fresno;Oro-Au;Sin información;Sin información;Placer;ROCA METAMÓRFICA;Complejo Cajamarca;Esquisto;Triásico
489;5.2868;-75.0038;El Rubí;Prospecto;73-Tolima;Fresno;Plomo-Pb;Pirita-FeS2;Sin información;Sin_Clasificar;ROCA ÍGNEA PLUTÓNICA;Stock de El Hatillo;Sin información;Sin información
490;5.2858;-75.0049;Mina El Rubí;Productor pasado - Subterráneo;73-Tolima;Fresno;Oro-Au;Galena-PbS;Veta;Epitermal;ROCA ÍGNEA PLUTÓNICA;Stock de El Hatillo;Cuarzodiorita;Paleógeno
491;5.2384;-75.0591;Mina Portugal;Productor pasado - Cielo abierto;73-Tolima;Fresno;Oro-Au;Sin información;Sin información;Sin_Clasificar;ROCA METAMÓRFICA;Complejo Cajamarca;Esquisto;Triásico
492;5.1768;-74.9821;Minidragos_Qda. Nicua;Productor pasado - Cielo abierto;73-Tolima;Fresno;Oro-Au;Sin información;Aluvial;Placer;ROCA ÍGNEA PLUTÓNICA;Stock de El Hatillo;Sin información;Sin información
493;5.2402;-75.0124;No Indicado_73_0011;Productor pasado - Cielo abierto;73-Tolima;Fresno;Oro-Au;Sin información;Aluvial;Placer;ROCA METAMÓRFICA;Complejo Cajamarca;Esquisto;Triásico
494;5.1958;-75.0902;El Centro;Productor pasado - Subterráneo;73-Tolima;Fresno;Oro-Au;Pirita-FeS2;Sin información;Epitermal;ROCA METAMÓRFICA;Complejo Cajamarca;Esquisto;Triásico
495;5.1942;-75.0181;La Cabrera;Productor pasado - Subterráneo;73-Tolima;Fresno;Oro-Au;Pirita-FeS2;Sin información;Sin_Clasificar;ROCA METAMÓRFICA;Complejo Cajamarca;Esquisto;Triásico
496;5.1291;-75.1345;La Floresta;Productor pasado - Subterráneo;73-Tolima;Herveo;Oro-Au;Pirita-FeS2;Sin información;Sin_Clasificar;ROCA_ÍGNEA_VOLCANICLÁSTICA;Sin información;Sin información;Sin información
497;4.5265;-75.0794;Mina La Siberia;Productor pasado - Subterráneo;73-Tolima;Ibagué;Oro-Au;Pirita-FeS2;Veta;Sin_Clasificar;ROCA METAMÓRFICA;Gneises y Anfibolitas de Tierradentro;Anfibolita;Triásico
498;4.949;-74.9654;Charco Azul;Productor pasado - Cielo abierto;73-Tolima;Lerida;Oro-Au;Sin información;Sin información;Placer;ROCA METAMÓRFICA;Gneises y Anfibolitas de Tierradentro;Sin información;Sin información
499;4.8493;-75.0435;La Plata;Productor pasado - Subterráneo;73-Tolima;Libano;Oro-Au;Pirita-FeS2;Sin información;Epitermal;ROCA METAMÓRFICA;Complejo Cajamarca;Esquisto;Triásico
500;4.997;-75.0234;Santa Cruz;Productor pasado - Subterráneo;73-Tolima;Libano;Oro-Au;Pirita-FeS2;Sin información;Epitermal;ROCA METAMÓRFICA;Complejo Cajamarca;Esquisto;Triásico
501;4.8581;-74.981;Santa Helena;Productor pasado - Cielo abierto;73-Tolima;Libano;Oro-Au;Sin información;Sin información;Placer;ROCA ÍGNEA PLUTÓNICA;Batolito de Ibagué;Sin información;Sin información
502;4.8369;-75.0712;Alto Cielo;Ocurrencia;73-Tolima;Líbano;Grafito-C;Grafito-C;Zona de Cizalla;Sin_Clasificar;ROCA METAMÓRFICA;Complejo Cajamarca;Esquisto;Sin información
503;4.8252;-75.0459;El Morro;Ocurrencia;73-Tolima;Líbano;Grafito-C;Grafito-C;Zona de Cizalla;Sin_Clasificar;ROCA METAMÓRFICA;Complejo Cajamarca;Esquisto;Sin información
504;4.9504;-75.0634;Lagunilla;Ocurrencia;73-Tolima;Líbano;Grafito-C;Grafito-C;Zona de Cizalla;Sin_Clasificar;ROCA METAMÓRFICA;Complejo Cajamarca;Esquisto;Sin información
505;4.9793;-75.0363;Mina El Gran Porvenir;Productor - Subterráneo;73-Tolima;Líbano;Oro-Au;Oro-Au;Veta;Orogénico;ROCA METAMÓRFICA;Complejo Cajamarca;Esquisto;Triásico
506;4.9258;-75.0415;San Luis;Productor pasado - Subterráneo;73-Tolima;Líbano;Oro-Au;Pirita-FeS2;Sin información;Epitermal;ROCA METAMÓRFICA;Complejo Cajamarca;Esquisto;Triásico
507;5.2703;-74.9138;Malabar;Productor pasado - Cielo abierto;73-Tolima;Mariquita;Oro-Au;Sin información;Sin información;Placer;ROCA SEDIMENTARIA;Grupo Honda;Sin información;Sin información
508;5.2371;-74.9683;Plata Vieja;Productor pasado - Subterráneo;73-Tolima;Mariquita;Oro-Au;Sin información;Sin información;Sin_Clasificar;ROCA METAMÓRFICA;Complejo Cajamarca;Esquisto;Triásico
509;4.7189;-75.0833;Mina Las Animas;Productor - Subterráneo;73-Tolima;Santa Isabel;Oro-Au;Oro-Au;Veta;Orogénico;ROCA METAMÓRFICA;Complejo Cajamarca;Esquisto;Cretácico
510;4.9993;-75.0709;La Cesar;Productor - Cielo abierto;73-Tolima;Villa Hermosa;Oro-Au;Sin información;Sin información;Sin_Clasificar;ROCA METAMÓRFICA;Complejo Cajamarca;Esquisto;Triásico
511;5.0105;-75.0986;Cajones;Productor pasado - Cielo abierto;73-Tolima;Villahermosa;Oro-Au;Sin información;Sin información;Placer;ROCA METAMÓRFICA;Complejo Cajamarca;Esquisto;Triásico
512;4.9481;-75.0751;La Bornita;Prospecto;73-Tolima;Villahermosa;Cobre-Cu;Pirita-FeS2;Sin información;Epitermal;ROCA METAMÓRFICA;Complejo Cajamarca;Esquisto;Triásico
